name,age,street,city,state,zip,lng,lat
Sabrina Arroyo,51,111 Diamond Vista Suite 157,Lake Sarahchester,Washington,55610,171.622484,5.2914395
Arthur Gardner,42,704 Melissa Plains Apt. 365,Owensmouth,Nevada,49821,-124.431801,-22.187301
Ryan Johnson,32,225 Alexis Grove,South Markton,New York,07075,132.046867,-38.585545
Julie Jones,63,859 Cox Shoal Suite 250,Zacharyburgh,New York,78124,101.035073,-51.9322915
Rhonda Price,58,3665 Perkins Glen Apt. 828,Kristyhaven,Missouri,87658,-66.980385,-35.855708
Andrew Fletcher,30,3343 Kathryn Fall Suite 768,Keithfort,New Mexico,08922,-63.008042,57.011039
Roger Taylor,25,7305 George Ranch Apt. 136,New Matthewton,Nevada,09531,153.753233,89.6345995
Jose Smith,39,112 Michael Via Suite 047,Georgetown,Nevada,35679,-54.459340,20.561854
Richard Francis,58,6384 Chan Harbors Suite 866,Debbiemouth,Colorado,17317,-34.198282,-57.3622175
Erin Mclean,61,00733 Franklin Freeway Suite 317,Anthonyberg,Michigan,72804,-13.136279,63.6712125
Nina Gregory,36,44236 Margaret Port,Ericborough,Montana,11965,7.992165,-88.686755
Kimberly Knox,27,958 Williams Creek,Walkermouth,Michigan,80078,5.291681,-77.413159
Jason Jensen,79,945 Lindsey Spur Suite 156,Briantown,Montana,01102,-131.958097,-48.343990
Michael Webster,25,960 Joy Forges,Lake Bailey,Ohio,70081,143.653627,73.338888
Tonya Pham,42,80487 Atkins Ports Suite 283,Charlestown,Kansas,77471,-106.993316,-27.734037
Tammy Palmer,30,8152 Williamson Harbors,Novakland,Florida,22225,68.340269,-50.078583
Matthew Cruz,32,23104 Lee Ramp Apt. 762,Garciaberg,Virginia,47508,66.530750,11.5378245
Mary Campbell,59,2014 Patel Mall,Morenomouth,Louisiana,25200,-10.483545,-29.228720
Amy Heath,23,515 Smith Lane Apt. 766,Lisastad,Virginia,19626,-72.663420,52.126603
Gail Neal,20,9181 Richard Park Suite 509,Lake Randallfurt,Oklahoma,74188,-170.464115,44.2064815
Cindy Freeman,70,20948 Dawn Meadow,Laurafurt,New Mexico,93530,115.038803,46.2607315
Shawna Robinson,42,951 Gonzalez Inlet,Lake Marcuschester,Nebraska,16811,-172.061889,-70.801099
Amber Munoz,43,90358 Obrien Junction,Jasonland,New York,50982,157.839140,-7.4772695
Alex Hodge,22,88623 Taylor Wells Apt. 652,Wesleyhaven,Florida,91225,157.768987,-53.0397815
Crystal Collier,49,1079 Amy Freeway Apt. 084,New Robert,Alabama,58844,74.578413,87.301504
Alexandra Williams,20,3631 Fitzgerald Centers Apt. 184,Lake Kristenport,Colorado,83481,120.533375,-3.696105
Douglas Lewis,43,36160 Glover Prairie Apt. 447,Timothyberg,South Carolina,72475,34.459531,11.980277
Evelyn Wallace,75,627 Thomas Rue Suite 052,Grahambury,Virginia,44528,-135.903694,27.5083485
Jessica Boyd,27,97629 Aaron Cliff Suite 318,Rogersland,Wisconsin,58793,-122.130024,-15.2273555
David Owens,69,53215 Cruz Inlet Suite 295,North Paulmouth,Wisconsin,00883,-94.672106,86.209875
Kevin Harper,61,416 Robert Underpass Apt. 194,New Lisaland,Colorado,58618,-25.842350,55.824144
Elizabeth Turner,42,2930 Jade Station Apt. 463,South Michelle,Florida,63592,111.933431,52.4037885
Stephanie Nelson,49,493 Oneal Roads Apt. 018,Sharifurt,Maryland,25037,-110.484216,69.4831905
Christian Benson,49,7759 Mendoza Hills,Hannahborough,Utah,78954,174.094460,-63.699182
Steven Mosley,35,0961 Randy Mills Apt. 894,Andreamouth,Michigan,42510,-110.980133,59.474649
Brian Greer,61,19907 David Avenue,Danielshire,Iowa,80941,-100.407287,11.163129
Gwendolyn Johnson,69,2376 Bowen Harbors Suite 256,New Manuelburgh,Mississippi,36960,4.390363,71.480052
Samantha Cortez,29,2501 Vargas Junction,Thomashaven,Illinois,59254,-47.497834,-88.0941635
William Solis,64,338 Price Unions,North Adamland,Oklahoma,13913,-90.960232,39.4492315
Jessica Miller,70,3451 Fisher Drive,Riveraborough,Oklahoma,27918,161.032486,73.4110955
Jennifer Sharp,54,2839 Mcpherson Meadows Apt. 680,New Heather,Nebraska,25356,-121.291977,14.641958
Joshua Thomas,37,9586 Brooks Turnpike,Jessicaton,Nebraska,04322,-20.650927,82.180086
Gary Jones,57,2312 Steven Islands Suite 348,Johnsonview,California,94902,-1.578679,-40.911671
David Tucker,21,19822 Juan Rapids Apt. 739,Maldonadoville,Virginia,36524,114.182591,27.516494
Anthony Manning,46,03264 Kari Squares Apt. 959,New James,Illinois,26881,142.487109,-54.1708665
Daniel Graham,49,31676 Mercer Lodge Apt. 658,Jennifermouth,New York,39303,129.235879,35.492044
Ryan Cortez,58,7187 Kristin Radial Apt. 947,Gilesside,Tennessee,07972,163.623246,-38.1555355
Mr. Aaron Mccarthy,64,4738 Jeffrey Glens Suite 585,Calvinmouth,Tennessee,01437,171.618835,67.6321885
Joseph Martinez,48,1397 Pierce Crossing,West Sergio,Colorado,89217,34.171355,-7.7857975
William Moreno,76,79815 Daniel Roads,Margaretberg,Texas,85758,-13.321062,35.9177005
Melissa Mclaughlin,68,812 Richard Lane Apt. 703,South Heather,Rhode Island,90688,98.953325,-22.7749405
Jonathan Rubio,64,93359 Jennifer Fork Apt. 526,West Justinchester,Hawaii,55393,142.078950,84.070819
Luis Dillon,35,4086 Garcia Summit,New Brett,Utah,06301,-22.432744,-22.029720
Heidi Johnson,61,83113 Haas Shore,Port Jennifer,Rhode Island,54188,-49.650213,2.989996
Catherine Robinson,60,588 Ryan Dale Apt. 792,Hillville,Minnesota,80250,-166.257802,17.588372
Sheila Gonzalez,65,68533 Nicole Greens,Silvachester,Kentucky,63300,-48.483439,65.1062855
Aaron Green,22,593 Adam Keys Apt. 569,Shepherdmouth,Iowa,33662,-1.314846,-37.528923
Joseph Spencer,61,592 Miranda Burgs Suite 943,Hayschester,Mississippi,60065,-82.112446,38.197490
Jennifer Miller,51,256 Pamela Forest,Rachelton,Tennessee,87260,3.657552,-11.153482
Michele Escobar,80,396 Ryan Heights Suite 140,East Matthewberg,Indiana,88492,-179.369426,77.2336915
Keith Smith,57,457 Christensen Brook,Lisaland,Rhode Island,82328,-17.644127,-27.341555
Erin Lee,18,214 Miller Gardens,Norrisfurt,Connecticut,43798,131.297205,45.291879
Mark Hopkins,39,444 George Radial Suite 173,Crawfordshire,Nebraska,55242,12.258264,26.3430115
Amanda Smith,42,94776 Rebecca Avenue,South Lisafurt,Washington,29158,136.492297,-17.987181
Sara Collins,73,341 Nixon Gardens Suite 821,Andrewville,Connecticut,16247,9.788878,71.2847785
Tammie Fisher,23,9987 Nancy Groves,East Jacobstad,Arkansas,48867,-128.116198,43.163049
Matthew Perry,46,454 Davis Route Apt. 716,Coxville,Hawaii,28793,135.761689,70.6757595
Scott Bailey,40,67279 Miller Well Apt. 044,New Kenneth,Virginia,57833,-13.153949,60.362142
Ricky Mitchell,66,7266 Gallegos Walks,North Jerryfurt,Utah,36288,-28.272380,28.4108545
Kristin Beck,77,0124 Wallace Gardens Suite 906,Lake Waynehaven,Oklahoma,50545,-172.613038,48.6992965
Robert Thomas,49,61800 Michael Turnpike Apt. 022,New Pamelaburgh,West Virginia,15821,-0.467760,43.335076
Jacqueline Johnson,55,097 Thomas Manor,North Richard,Wisconsin,00690,-106.210143,66.756706
Adam Cunningham,78,6940 Jeremy Court,Port Thomas,North Carolina,14686,110.468915,-24.8840445
Gregory Alexander,78,3040 Brenda Knolls Apt. 261,Bradleyside,Rhode Island,92109,83.687701,4.3682865
Tanya Williams,67,0680 Rodriguez Road Suite 564,North Todd,West Virginia,86405,-142.321104,70.876370
Crystal Padilla,39,51327 Chapman Crossroad,Pattersonburgh,Alaska,93555,42.347973,-16.757058
Thomas Pope,53,21979 Conner Extensions Apt. 171,Henryberg,New York,78061,-34.601795,18.0069435
Melissa Randolph,26,949 Melissa Well,Shirleychester,Arizona,99573,-97.409063,31.844058
Anna Fritz,75,842 Hayden Prairie Suite 059,Port Wandaport,South Dakota,88921,117.343491,-73.4549825
Paul Sanchez,23,25292 Bennett Port Apt. 532,Lake Sarahfort,California,85391,134.208892,11.681939
Robin Stevens,70,903 Autumn Road,Connermouth,South Carolina,43267,-98.384139,-66.512070
Christopher Ramirez,38,8303 Alexander Motorway,Pierceburgh,Nebraska,08084,-178.927889,-5.9604415
Jason Neal,64,36828 Linda Coves,Julieside,Vermont,44815,-118.910240,80.3606215
Tara Mcdonald,57,47374 Collins Port Apt. 001,Jamiemouth,Arizona,86748,-34.406196,-22.0811995
Kaylee Mccarthy,44,7380 Max Well,Lake Logan,Tennessee,37796,153.648302,0.4333035
Scott Schneider,64,1379 Kennedy Mountain,Tarastad,South Dakota,21769,-7.289889,25.7427735
Abigail Maldonado,43,622 Amanda Station Suite 409,Patriciaberg,Michigan,75522,114.951679,86.146787
Sheri Young,30,329 Damon Burg Suite 522,Leborough,Colorado,08866,-31.689438,-5.1523245
Kari Perkins,20,0174 Bonnie Prairie,North Breannamouth,Oklahoma,40837,18.262018,-40.8787615
Shane Hurley,29,455 Priscilla Mountains,East Matthewview,Hawaii,90346,-87.490296,-66.1924065
Frederick Mullins,38,867 Ferguson Vista,Scottbury,Arizona,94381,77.883883,14.840908
Chad Esparza,50,99249 Love Streets,Sherrystad,Vermont,49393,-33.217475,39.5884275
Rachel Lopez,27,99292 Amy Green,Williamview,New Jersey,59413,85.005291,1.5612215
Jeffrey Hall,44,2094 Kim Knoll Apt. 694,Frazierburgh,Louisiana,52714,-60.680767,33.806107
Donald Burnett,26,539 James Estates Suite 170,Matthewview,Montana,44538,16.634126,68.376544
Linda Richardson,37,9932 Janet Corner,Lake Eddie,Minnesota,98270,-126.758384,-71.9428515
Karen Harris,39,59389 Alison Station,East Joeville,South Carolina,55158,67.197431,49.590110
Jennifer Perez,50,065 Regina Pines,Port Jamesland,Wyoming,29142,-162.292256,77.7081775
George Vaughan,53,1990 Joseph Mission Apt. 352,North Neil,Maryland,56488,-54.231298,-84.162489
Scott Jenkins,50,373 Susan Cape Apt. 690,Lake Ronald,Colorado,11127,-1.089144,31.008316
Hannah White,73,108 Marshall Turnpike Apt. 082,Lake Noahmouth,New Jersey,95563,-125.352494,64.026796
Christine Moss,40,06580 Andrew Fords Suite 679,Dawnshire,Illinois,72372,-116.936980,80.194009
David Berg,77,01664 Oneal Wall,Charlesside,West Virginia,30205,126.599148,20.2807115
Samuel Waller,22,480 Sharon Port,Thompsonville,Colorado,87868,-100.664776,86.380055
Chris Lee,75,120 Janice Dam Apt. 660,New Adam,New Jersey,32330,48.339353,-31.784052
David Allen,49,5499 Bentley Manor Apt. 957,West Josephfurt,New York,67611,122.125337,18.952826
Katrina Marquez,36,85165 Thomas Row Suite 288,Lake Marcmouth,Virginia,90410,-86.022245,-3.660714
Scott Moore,24,582 Jeanne Ford,Bernardstad,Montana,03712,-140.387426,55.204633
Melissa Howell,18,01486 Nicholas Hill,Richardsontown,Kansas,57646,114.633777,-71.5862905
Jennifer Foster,67,749 Justin Shoals,Brettfort,Nebraska,13076,56.484454,39.6111785
Pamela Sanchez,20,531 Michael Stream,Bassfort,Louisiana,26805,82.213235,79.4864215
Jonathan Wells,70,69815 Garcia Roads,West Kari,Connecticut,76442,161.223762,57.9637075
David Nguyen,21,52992 Ward Lodge Apt. 308,Lake John,Kentucky,34836,171.980313,-25.883033
Patricia Cunningham,26,1171 Gallegos Place,Mendezhaven,Wisconsin,27726,77.190840,-81.4108595
Tyler Wright,79,9317 Ingram Alley Suite 150,East Renee,Rhode Island,19631,59.449522,47.228035
Dr. Pamela Porter,63,03858 Wilkins Garden,Kingfurt,Massachusetts,48558,-110.957802,-60.936805
Brenda Walker,23,168 Lewis Union Suite 958,Cunninghamchester,Alabama,75773,111.540899,-13.7614005
Jeremy Martin,48,354 Graham Port,South Laura,Florida,61035,167.491523,-22.963707
Richard Shaw,77,36174 David Loop,North Lori,Washington,61538,103.355625,-82.1017845
Jessica Dalton,19,3860 Adam Pine Apt. 383,Paulabury,California,40945,107.175453,87.0871815
Mrs. Leslie Villarreal,64,27097 Charles View Apt. 379,East Rebeccaville,Texas,03425,-121.750501,-43.5451035
Andrea Johnson,60,417 Mccarthy Ramp,Markfurt,Oregon,99594,72.616081,-1.787072
Marc Price,56,809 Hammond Squares,North Amy,Colorado,66151,169.608453,1.1044085
Paul Soto,34,632 Payne Roads Apt. 319,Ochoashire,Arizona,56905,-4.447323,21.084295
Matthew Sawyer,71,8278 Haas Bridge Apt. 053,Richardsonland,Wyoming,02522,-118.322937,-82.0544225
Crystal Tate,20,62581 Jason Mills Suite 005,Port Andrew,South Dakota,85719,25.164362,-55.5824235
Timothy Murray,70,097 Beth Court,Lake Kyle,Washington,33921,-125.638065,18.601501
Steven Jimenez MD,72,935 Jennings Expressway Suite 760,Amychester,Indiana,46592,-62.423405,-43.3333295
Ryan Smith,23,93980 Robert Lights,South Mary,New York,10615,36.901946,47.4857095
Denise Marsh,76,85707 Chelsea Mount Suite 629,Deanshire,Delaware,95387,-8.774358,26.3872625
Cody Reyes,26,53779 Jones Pass Suite 925,Port Josephville,Pennsylvania,73285,131.908127,88.0130035
Deborah Patterson,27,2691 Walker Corners,West Michaelborough,Washington,69834,-146.848423,41.514477
Michael Chavez,74,0888 Jessica Highway Apt. 672,Sherryfurt,North Dakota,74262,-78.172654,-59.4255075
Kara Harris,40,8282 Bennett Estate,New Alex,South Carolina,27256,-141.183598,87.1185605
Shirley Johnson,55,431 Erica Keys,North Megan,Pennsylvania,69076,-47.955903,-47.199971
Kelly Simmons,61,495 Samantha Ferry Suite 233,East Brucefort,Rhode Island,48526,25.985032,41.1844225
Jessica Powers,66,5846 Morgan Stream Suite 240,Colemanchester,Indiana,37769,98.548962,47.786218
Erica Le,76,9171 Tate Overpass Suite 124,West Katherine,Texas,86070,2.239853,-4.619695
Carmen Young MD,49,14251 Singh Flat,Jessicachester,Louisiana,56817,117.589644,85.5691385
Bruce Perez,54,9286 Diane Trafficway,South Thomas,Florida,51643,5.344360,32.516091
Sherri Hahn,28,99805 Garza Brooks Suite 150,Timothyborough,Wisconsin,71969,-85.424720,-6.5752365
Emily Clark,32,7861 Joseph Crossroad Suite 512,New Cliffordbury,Arizona,60776,-113.523922,-14.1293745
Dr. Jason Humphrey,40,308 Walker Street,Nicolestad,South Carolina,33513,-118.851208,-32.2324505
Lisa Davis,60,32535 Selena Valleys Apt. 090,East Brian,New Mexico,44924,-7.139708,-75.4653005
Katherine Miller,32,78381 King Lodge Suite 323,Steelemouth,New Hampshire,57806,7.982837,-83.641099
Jasmine Gordon,67,5075 Williamson Mountain Suite 781,New Rodneyton,Iowa,48500,144.718935,50.1124765
Andrew Sweeney,33,4515 Romero Square Suite 635,West Kaitlyn,Minnesota,09269,94.393569,76.9100605
Diana Moses,52,6099 Gallagher Ridge Suite 968,Burtonton,Nevada,43118,-128.529230,82.061167
Alicia Lopez,21,9253 Justin Port Apt. 981,New Nicolefort,North Dakota,50603,-82.413555,-75.751888
Benjamin Blackburn,64,89289 Rice Prairie Suite 898,Sheilashire,Missouri,21613,29.546050,-89.653684
Jennifer Jackson,46,910 Laura Ranch,Port Stephanie,Texas,38965,-135.306465,71.7637635
Sarah Sexton,53,579 Robinson Valleys,South Kaylaside,Pennsylvania,49286,-108.471702,77.1488115
Denise Foster,65,0621 Powers Alley,South Stephanie,Colorado,50924,-49.111343,-75.565250
Casey Gross,64,5023 Sanchez Terrace Apt. 281,New Jonathanside,Washington,41391,52.928842,26.8964565
Jessica Brooks,55,99414 Jessica Coves,South Mark,Texas,42491,-90.802513,24.412873
Taylor Schneider,47,2001 Anderson Mountains Suite 196,Gailland,Iowa,00809,71.945309,-16.955577
Jillian Thomas,62,051 Love Valley Apt. 346,Port Justinport,South Carolina,56011,-18.873482,-45.1705315
Frank Dickerson,22,154 Johnson Parkway Apt. 013,Johnstad,West Virginia,54077,89.311807,7.7306535
Dawn Alexander,64,147 Cook Inlet Apt. 861,New Shawn,Kansas,87018,18.574977,-79.2007635
Scott Bennett,65,879 Olivia Rest,South John,Georgia,40486,81.497124,49.875182
Nicholas Long,21,76014 Martinez Viaduct Apt. 408,East Stephentown,Washington,66269,42.100100,-75.094365
Dennis Hansen,26,1378 Butler Parkways Suite 261,Rebeccamouth,Kentucky,65154,-146.032709,10.655382
Robert Jones PhD,24,369 Erica Branch Apt. 695,West Joshuaberg,Florida,63349,-2.044026,-26.1664635
Sara Vasquez,31,197 Fry Manor,North Lori,New York,69464,-115.190601,-56.663844
Frank Hicks,20,924 Wu Inlet Suite 952,West Cathyport,South Carolina,61910,-132.291587,-32.7610165
Peter Hale,55,907 James Village,Lake Timothy,Hawaii,73784,-157.192408,26.1460385
Alicia Park,27,776 Bowman Turnpike,Ashleytown,Michigan,72161,145.244983,60.849584
Nathan Henry,76,166 Sean Knoll Suite 487,Maryburgh,Maine,18459,6.440548,-73.8691805
Christine Blake,40,947 Anderson Station Suite 339,East Jenniferton,Indiana,93133,135.596455,-31.8005985
Erika Case,76,3542 Timothy Glens,New Andrea,West Virginia,03074,-10.279632,38.3383675
Joseph Bolton,63,5687 Gary Street,West Julian,Pennsylvania,41520,-31.458059,-28.6377235
Emily Anderson,18,913 Harris Points Suite 622,North Benjaminfurt,Idaho,03432,-14.580703,84.7163725
Ana Gould,51,856 Alfred Drives,Ortegashire,Arizona,55266,-35.216979,-72.2034685
Joseph Trevino,79,4110 Allen Crossing Suite 493,Port Erictown,Colorado,08268,-177.723837,-20.453796
Mark Wade,78,0899 Kelley River Apt. 556,Nathanshire,South Dakota,69615,-137.705175,14.8310095
Dr. Abigail Berry,20,3238 Morales Mission Suite 425,Oconnorchester,Illinois,99853,176.306926,-64.089767
Christopher Franco,32,0617 Brian Station,Williamsfurt,Tennessee,79096,161.884360,57.207177
Derek Walker,43,76747 Cunningham Mount Apt. 947,Wrightport,California,40995,76.652749,69.321089
Kelli Hays,54,895 Manuel Course Apt. 018,Scottchester,Massachusetts,35174,-44.044935,31.2211905
Roger Gallagher,65,48360 Walter Mountains,Andreahaven,North Dakota,56061,-96.714351,70.3433915
Janet Moore,45,0074 Adam Crest Apt. 696,South Thomas,New York,39498,84.968015,-55.898022
Katie Bean DVM,47,7577 Valerie Stravenue Apt. 298,West Kevin,Minnesota,81885,82.208912,-44.384310
Jennifer Jackson,35,9318 Hart Lake,Port Robert,Florida,68645,-77.019434,82.722082
Richard Wheeler,31,28078 Glenn Estates,Rhodesstad,Kentucky,19389,118.142604,-23.9410075
Brian Schneider,62,43114 Graves Squares Suite 201,Port Denisemouth,Vermont,55679,64.865216,71.489670
Katie Walsh,48,72848 Kevin Common Suite 669,West Rebeccaborough,New York,52583,105.674259,-50.4631205
Abigail Lee,53,16773 Alexander Rapids,Longtown,Oklahoma,86765,16.504443,-28.019245
James Martin,72,2564 Theodore Canyon Suite 555,Terrichester,Texas,50174,96.373724,52.4564585
Angie Brown,64,150 Lisa Ports,Port Heather,Washington,34704,-38.848695,33.095602
Jenny Colon,48,07727 Ryan Fork,West Coreyport,Alabama,35936,10.716389,-89.1449685
Bianca Bennett,18,6801 Martinez Circles,South Jodichester,Maine,03390,134.744104,-82.9459085
Ms. Erica Perry,36,17790 Scott Square Apt. 623,New Andrew,Alaska,79980,83.576996,85.176790
Alexandra Herrera,28,9634 Sanchez Burg Suite 221,West Michelebury,Texas,80849,-37.248713,-6.5686805
Angela Russell,80,69939 Wilson Trafficway Suite 482,South Vanessaside,North Dakota,56386,122.038950,18.684068
Cynthia Patrick,36,658 Marks Orchard,Garciamouth,Utah,01078,16.819387,-85.633547
Michele Banks,57,9367 Morton Point Apt. 465,North Jenniferville,Maryland,80829,-1.192551,36.599059
Amber Walsh,37,43254 Jason Port,Sampsonview,Mississippi,04381,-154.733225,-37.8932985
Andrew Miller,27,598 Ingram Courts Suite 801,New Jessica,Idaho,14070,-33.291275,-73.5645845
Hayley Elliott,36,160 Brown Mill Suite 783,Olsonville,New Mexico,41556,42.633629,-50.9257965
Holly Garcia,40,206 Misty Ways,Singhside,Vermont,24013,145.672380,-28.7081735
Jacqueline Phillips,22,90958 Paul Harbor,South Michelle,Kentucky,53427,-65.682524,5.272762
Tina Pierce,73,42902 Diana Isle,North Christinetown,Ohio,57228,-53.356748,-35.829442
Katie Jenkins,18,3303 Black Fall,North Melindachester,Idaho,15367,-92.074711,82.9605285
Lisa Charles,19,257 Howard Loaf,Port Anthonyshire,Idaho,35071,-177.746909,39.630152
Calvin Walsh,44,164 Lester Plains Apt. 533,Vaughanmouth,Rhode Island,58151,-82.552744,84.6672265
Jasmine Hernandez,66,6156 Long Flat Apt. 366,East Melissa,Utah,09554,-104.922627,82.9121575
Michael Gonzalez,48,3234 Christopher Cape,Christinefurt,Minnesota,21103,-170.548240,-9.289207
Benjamin Gray,34,09183 Stephen Rue,Jenniferstad,California,10577,-110.104701,80.4061615
Angela Hill,75,27108 Denise Lights Suite 773,Hernandezburgh,Oklahoma,03645,48.094684,66.3906725
Richard Gonzalez,20,341 Reynolds Stravenue Apt. 967,Scottside,Arkansas,19754,-0.428024,47.5370165
Andrea Gonzalez,38,2642 Steven Island,Lake Tonyaborough,Louisiana,46410,12.990792,-42.372523
John Mitchell,80,54359 Kimberly Inlet Suite 039,Jeffreyfort,Pennsylvania,59650,-90.272774,34.618470
Cheryl Gonzalez,53,2652 Miller Shore,North Kevinland,Alabama,84035,6.829369,57.205362
Frederick Macdonald,42,9684 Castillo Terrace,Patrickmouth,Nevada,98240,151.567212,-25.549290
Bill Adams DDS,56,240 Lester Tunnel Suite 126,Bondborough,Virginia,45652,39.420302,0.439046
Cynthia Evans,64,82224 John Park Suite 373,East Rachel,Connecticut,86712,-161.705866,-52.840851
Jessica Steele,35,4546 Parker Villages,Joshuaside,Hawaii,09476,103.254041,85.099763
Daniel Holland,37,05230 Patrick Village Suite 736,Wilsonland,North Dakota,02524,4.725486,-24.840999
Wendy King,72,86910 Thornton Parks Suite 256,East Kimberly,Oklahoma,18510,-96.731370,-57.2465525
Christian Smith,19,00810 Lewis Roads,Garrettmouth,Iowa,99606,-129.071181,29.630003
Zachary Garcia,47,075 Lewis Freeway Suite 977,West Randallberg,Ohio,86054,38.294973,-27.997907
Daniel Mays,64,602 Bell Ville,Lake Brent,Alaska,01807,-121.337670,-16.0100775
Marie Page,75,23787 Richardson Pass Suite 593,North Steven,Nevada,81694,-91.259674,63.791427
Carlos Robinson,20,0369 Evans Landing,Port Kristinamouth,Georgia,24379,-69.654795,35.8410285
Anthony Webster DDS,51,80866 Lynch Canyon Suite 056,West Rebeccamouth,Kansas,96895,26.195531,71.8522665
Richard Poole,18,95029 Connor Island,Port Paigeview,Florida,83440,-70.185984,-74.085993
Christopher Murphy,55,33954 Martinez Bypass,New Angel,Tennessee,91667,99.267179,-58.371426
Kelly Peterson,58,465 Hayes Prairie Apt. 554,Veronicaside,Ohio,84419,154.036638,-36.7459285
James Smith,43,70551 Scott Parks Apt. 655,Lake Jennifer,Alabama,16921,51.962716,49.7158725
Diana Munoz,41,342 Mary Highway Apt. 796,East Michele,Maryland,69023,159.455568,-55.3752105
Dr. Martin Padilla Jr.,61,30609 Wood Circles Suite 060,Port Eric,North Carolina,78051,171.336003,12.799484
Kimberly Trevino,69,677 Brown Villages Apt. 252,Ashleymouth,Mississippi,55433,-32.007366,-72.3907785
Crystal Warren,76,0878 Jessica Stravenue Apt. 729,South Julieborough,Georgia,64661,10.593893,31.3048535
Kathy Richardson,67,816 Alisha Trail Apt. 334,Pattonton,South Dakota,38316,-147.956198,24.296958
Susan Mendoza,21,916 Sharon Island,Port Glennland,West Virginia,37065,135.336961,-57.3864705
Bryan Cantu,67,5963 James Centers,Solomonland,Virginia,72925,10.329613,-53.1497965
Michelle Coleman,28,7075 Rebecca Freeway Suite 784,Leestad,New Jersey,51158,43.016886,49.4825855
Jonathan Johnson,78,28222 Smith Motorway,Port Trevor,Massachusetts,39778,75.405569,89.4374325
Jessica Parker,23,598 Christopher Bypass Suite 019,Heatherberg,Mississippi,42365,105.400900,-73.2839195
Kevin Krause,26,6785 Mindy Burg,Port Gregorymouth,Nevada,82232,31.074806,-5.542091
Wanda Campbell,31,20714 Rivera Harbor,Port Dana,Kentucky,56048,-48.485031,53.0189535
Carol Wade,62,130 Hill Wells Suite 776,Kevinmouth,Texas,41774,-59.036334,58.628812
Rhonda Hardy,36,72393 Julia Curve,Port Scottmouth,South Dakota,47441,-43.952319,5.9661995
Jennifer Alvarez,64,3044 Nathan Summit,Christieport,Rhode Island,13618,103.900574,2.976245
Katrina Cooley,58,268 Atkinson Fort,Port Shawnport,North Carolina,71114,22.208201,14.4300615
Victoria Hughes,73,30395 Smith Wells,Carterchester,Illinois,46032,-108.168393,-22.9568335
Kathryn Murphy,25,177 Elizabeth Springs,New Courtneyberg,Iowa,36750,124.790171,-77.7990905
Kimberly Acosta,41,925 Amy Points,Cameronmouth,South Dakota,23670,-116.701322,10.447255
Gabriel Padilla,70,908 Ortiz Pass Suite 976,Port Annette,California,50051,126.073871,-44.848904
Donald Anderson,67,62761 Cynthia Burgs,Robinsonville,Indiana,44463,-116.791525,-33.2775895
Anthony Kirk,54,8016 Taylor Lake,Danielview,Texas,76357,33.292113,-39.680449
Tammy Woods,50,81798 Sims Oval Apt. 677,Hinesfort,California,12792,93.257022,-4.993374
Kelli Cowan,59,0929 Christian Prairie Apt. 344,New Denise,Kansas,17050,-153.048001,-21.8335285
Lauren Garcia,18,219 Wayne Heights,Ayersfort,New Jersey,93096,173.682882,89.616380
Jennifer Wood,68,960 Amber Street,West Stacey,Alabama,51540,-156.021939,-35.2136205
Sandra Ellis,40,454 Cynthia Rue,South Trevor,Florida,29124,41.023801,-4.6125695
Leah Burns,74,291 Malone Ways,Port Saraburgh,Indiana,13341,160.348298,5.7136735
Joshua Lawrence,20,104 Jennifer Light Apt. 295,Nicholeside,Pennsylvania,69499,-9.758381,-9.465495
Mr. Mark Knox II,63,209 Kristina Tunnel Apt. 689,Stevenberg,Connecticut,77152,129.622288,89.3154545
Sabrina Wilson,76,60254 Hannah Forks,Meganbury,South Dakota,37149,115.641213,-73.611574
Ashley Goodman,56,128 Megan Plains,New Benjamin,New Jersey,25953,94.502572,-13.642954
Jenna Parks,35,625 Maddox Creek Apt. 149,West Rebecca,Missouri,37126,-160.376157,28.277958
Dustin Sanchez,38,7824 Kevin Mountain Suite 638,Port Matthewmouth,Oregon,30388,43.700092,9.3010755
Frederick Parker,78,9821 Dominguez Highway Suite 198,South Darrylview,Nebraska,26404,106.359906,-24.089754
Janet Chen,59,4655 Thomas Views Apt. 995,Nathanside,North Carolina,12819,-24.937089,16.3205245
Michelle Hall,45,2450 Sherri Hollow Apt. 239,Lake Kellyview,Delaware,39341,-74.351597,-3.096201
Tiffany Dean,51,32877 Johnson Creek,New Monica,Connecticut,29691,2.001881,46.115382
Mr. Richard Stewart,72,6453 Elizabeth Curve Suite 659,New Heidi,West Virginia,23334,148.819361,51.5084945
Melissa Wilson,69,10062 Travis Springs Apt. 645,New Michaelview,California,14468,-112.983338,-23.9386055
Charles Smith,52,7503 Douglas Overpass,Davidport,Indiana,11632,176.114088,-26.192217
Jeffrey Rodriguez,51,891 Laurie Isle,East Kevinport,Ohio,58457,-143.681456,14.3261245
Nicole Gibbs,64,9633 Huffman Neck Suite 016,East Geraldport,Alaska,23457,-74.898997,-2.0770975
Melissa Miller,49,710 William Highway,New Keithchester,Minnesota,94707,-87.552514,-33.9064665
Elizabeth Jones,38,47130 Howard Road,Port Aaronhaven,Delaware,52692,39.485568,49.1842405
Daniel Thomas,63,085 Charles Islands Apt. 584,Markport,California,94099,-32.154473,-28.832826
Courtney Ellis,57,6293 Timothy Mountains Apt. 964,Port Sharon,Ohio,41558,-162.996234,-34.594351
Mrs. Kristin Martinez,69,074 Long Walk Suite 936,Richardsonton,Arizona,67030,-39.365788,-58.361084
April Hines,48,6871 Edwards Lakes Suite 214,Chaseton,South Carolina,79415,-115.589209,36.919024
Noah Nguyen,26,7839 Michael Tunnel Apt. 437,Shieldsside,Wyoming,99066,33.274751,70.230975
Kyle Williams,22,28287 Tammy Mountain,Wigginshaven,Arkansas,46902,-61.251923,75.985326
Michelle Ramos,32,42099 Hammond Forest Suite 363,Andersonview,Massachusetts,56869,-18.632752,59.200381
Ashley Cook,28,54408 Williams Squares Apt. 251,North Kristen,Washington,31415,8.393026,48.334207
Kenneth Browning,80,211 Jackson Meadows,Lake Evan,Michigan,17014,79.270118,-70.695001
Patrick Brown III,24,90149 Parsons Manors,East Kevin,New Hampshire,81823,-33.979023,15.113714
Andrea Cook,75,41342 Rodgers Stream Suite 936,East Virginia,Indiana,22379,-61.028726,0.201022
Debra Wood,46,800 Kelley Courts,Harringtonfort,Maine,84627,-117.421691,23.119260
Christopher Tucker,70,13466 Patricia Drive Apt. 179,North Karen,Idaho,75303,-155.440338,86.545684
Aaron Cole,60,485 Bentley Mission,West Erika,New York,63602,172.215804,77.1805205
William Collins,76,76195 Bailey Route,Port Christinemouth,Ohio,56492,-81.077422,28.9137965
Grace Austin,27,61355 Amy Roads,South Amandaport,Oklahoma,57401,165.139811,-14.6055675
Jordan Ruiz,48,8456 Madeline Lakes,East Nicoleview,North Dakota,11674,92.636528,-44.0556255
Jennifer Andrews,71,8248 Frey Roads Suite 884,Ruizville,Maine,62454,-4.802522,44.845248
Dwayne Collins Jr.,26,48333 Alexis Stream,West Jameschester,Delaware,86179,-171.446071,-60.114782
Kristin Lambert,53,299 Eric Landing,Braunmouth,Arkansas,30020,-83.900240,-30.6191965
Gregory Lopez,18,86738 Amanda Port,Schmidtport,Colorado,72779,-167.557428,69.5011145
Scott Randall,44,258 Mcdonald Loaf,East Robert,Oregon,95660,170.202468,31.9120685
Lisa Rodriguez,73,069 Mcintosh Ferry,Bradfordhaven,South Carolina,85231,5.091817,39.9675925
Daniel Silva,37,441 Roth Parkway Apt. 930,Amandastad,Maine,25101,79.726375,-11.4359755
Gary Jones,27,36588 Pamela Ways Suite 553,East Lindsey,Pennsylvania,74308,-56.863118,-62.2524895
John Hubbard,70,7406 Elizabeth Knolls,Lake Matthew,New York,23163,-154.669827,-76.9558785
Bobby Sharp,76,50772 Yolanda Lodge,West Julie,Louisiana,60528,-177.752211,-55.996952
Anne Smith,75,659 Hurst Dam Suite 506,Aprilfurt,Alabama,53904,-8.299504,61.439365
Jimmy Barnes,67,20105 King Meadows Apt. 155,South Monica,California,46507,90.517360,30.7208735
Amanda Contreras,73,71685 Bentley Port,North Linda,Alaska,11385,-21.031455,34.253987
Tanya Bowen,26,8514 Patrick Port Apt. 143,Williamsburgh,Georgia,18352,-83.624469,1.9371755
Yolanda Thomas,52,3392 Rachel Lane,Anthonyborough,South Carolina,63313,149.694000,-65.467523
Faith Nelson,58,2395 Dean Summit,Hunterborough,Illinois,33605,44.351179,-41.7611095
Melanie Summers,59,751 Mark Well Suite 818,Paulfort,Illinois,58955,-140.526304,88.3292905
Dylan Beck,77,2956 Nancy Freeway,Wheelerville,Tennessee,91883,-47.335659,-53.398007
Kathryn Page,56,9099 Felicia Street,East Ricky,Montana,33896,-150.919349,-85.153080
Robin Rodriguez,19,8926 Rodriguez Harbor,North Michaelport,Alabama,21260,175.090415,70.7400075
Kevin Lee,79,12259 Barbara Unions Apt. 953,Ericbury,Pennsylvania,93387,-81.163154,-51.1944915
Christopher Reyes,25,4384 Robertson Trafficway,New Patrick,Louisiana,37694,-45.448202,-53.332657
Jasmine Dunn,40,988 Allen Canyon Suite 201,East Seanchester,Louisiana,46796,46.274100,-52.9713175
Emily Smith,59,54763 Ward Cliff,New Kristinahaven,Hawaii,83580,-43.858272,72.731716
Thomas Edwards,74,73331 Parker Rapid,South Tracy,New York,75165,-68.694165,-20.7423195
Teresa Alvarez,29,1432 Walker Stravenue Apt. 619,West Andreachester,Maryland,01713,-138.229278,0.366246
Julie Adams,52,4737 Sutton Junction,Gibsonside,Washington,38767,-175.525755,-0.5067255
Brian Graham,51,58753 Susan Mission,South Kathryn,Oregon,41843,86.882430,69.0045905
Evan Reynolds,65,67184 Robin Coves Apt. 378,East Michaelville,New York,76485,114.199980,53.8318315
Marie Kelly,35,627 Young Plain,South Paigeborough,Rhode Island,73836,104.797888,29.451199
Samuel Hawkins,43,75375 Armstrong Bridge Apt. 458,Garrisonport,West Virginia,40202,-47.932419,-66.932825
Judy Boyd,41,609 Murphy Shoal Suite 422,New Rachelside,Tennessee,54033,-148.709798,-21.342110
Lisa Braun,50,61097 Anthony Bridge Suite 956,Port Thomas,Alaska,15449,118.853268,26.9143095
Ronald Peterson,50,43709 Haney Lodge Suite 050,Port Heatherton,Arkansas,16980,3.301180,76.580235
Ryan Buckley,23,72106 Amy Fork,Lake Paige,New Mexico,99182,-106.138180,-8.262836
Laura Hampton,39,18659 Joseph Branch,Amandaberg,Florida,87642,101.838924,-28.9353045
Nicole Brown,80,5198 Walter Passage Suite 611,Kennethtown,Arizona,24588,65.942722,87.1380475
Kathleen Brown,21,10241 Billy Valleys Suite 117,Port Wayneland,Massachusetts,57471,-158.039728,-42.169453
Scott Phillips,19,617 Deborah Gateway,Travisbury,Alabama,72163,2.060443,-66.821773
Alyssa Hernandez,32,4126 Anthony Ways Apt. 515,Lauraview,New York,75090,-83.715033,15.1098775
Martha Frank,55,283 Lisa Point,East Tamara,Missouri,76955,175.502426,-32.810320
Emily Brewer,32,343 Jennifer Ports,Erikatown,California,78539,-24.765835,-15.194259
Tiffany Fleming MD,24,197 Kristy Station,Jasonton,California,68671,-11.717141,-19.778508
Joseph Owens,44,508 Rodriguez Vista,Matthewmouth,Minnesota,63798,54.481919,76.2413885
Tyler Crawford,34,220 Perez Forest Suite 071,West Tylerfort,California,91450,158.621833,0.998610
Bob Woods,41,2649 Vang Springs,North Michaelside,Ohio,13550,-145.194590,-65.685439
Meagan Bean,75,10415 Michael Dam Apt. 748,West John,Arizona,98398,-38.209553,14.012045
Matthew Chapman,67,569 Reginald Union Suite 814,Hernandezville,Connecticut,23174,-26.762118,72.5341305
Zachary Smith,19,986 Laura Dale Apt. 305,Smithbury,Wyoming,15807,117.246000,-15.785194
Alyssa Gonzalez,73,872 Michael Trafficway,New Michelle,Pennsylvania,08391,-128.643765,17.186992
Kevin Mosley,34,61924 Alice Creek Apt. 214,South Cassandrachester,Connecticut,34314,151.670604,-68.6693995
Steven Patterson,26,690 Leach Loaf Suite 308,Port William,Oregon,10829,-121.000237,72.2967515
Ryan Henderson,29,4968 Timothy Mills,Port David,Delaware,93569,83.055864,73.693707
Christina Cummings,42,63837 Richardson Station Apt. 201,Port Karen,New Hampshire,17131,38.168319,-21.709824
Sally Durham,55,26510 Jacqueline Lock Suite 498,Stephaniemouth,Mississippi,61516,39.328665,-85.067261
Mark Matthews,59,86743 Sarah Forks,Joshuaview,Minnesota,28160,7.737653,9.634526
Megan Lee,66,260 Daniels Walks Suite 463,North Natalie,Maine,38044,-159.827709,33.723299
Dawn Bowen,41,424 Bradley Tunnel Apt. 085,Rebeccachester,Utah,66685,73.056031,25.8769655
Anne Smith,18,9127 Howard Stravenue Suite 110,East Christianside,Alabama,83504,165.858877,-81.081651
Nancy Jones,49,627 Cowan Plain,East Damonton,Michigan,74608,-72.384320,-49.0202085
Larry Mueller,37,1265 Howe Views Suite 340,Lake Robert,Washington,05944,7.619708,-53.034764
Andrew Hudson,53,495 Gould Springs,Angelamouth,California,04028,-52.225837,24.8118115
Jennifer Walsh,72,5386 Edwards Inlet Apt. 198,North Kimberly,Montana,39448,1.344009,-51.4754055
Kimberly Vega,31,65698 Butler Mews Suite 278,North Anthonyland,Florida,90334,40.420018,16.045376
James Hall,27,2779 Thompson Rest Suite 947,East Oscar,Kentucky,92584,-175.191609,87.594683
Jack Burton,55,94563 Anderson Junctions,Kendraville,Arkansas,21288,-45.080141,-78.982289
Anthony Harrington,74,10677 Emily Radial Apt. 367,East Michaelland,Montana,09149,64.399552,-71.6887115
Thomas Pope,63,17845 Anne Unions Suite 705,South Yeseniaview,Vermont,22847,-179.159437,31.274976
Andrea Sanchez,74,547 Cook Park Suite 000,Faithland,Maine,56807,-165.305846,32.7775325
Darren Smith Jr.,71,1390 Barber Manors Apt. 688,Lisabury,Iowa,47414,85.098970,34.3446345
Kathleen Mclaughlin,74,2044 Williams Lights Suite 781,Brandishire,Montana,29693,-166.237114,25.942551
Anthony Russell,73,949 Gregory Burg,Jenniferport,Mississippi,71326,-55.943675,38.484746
Scott Miller,23,54821 Peter Pass Apt. 760,East Charles,Texas,49624,99.630453,-83.8225475
Hunter Cohen,28,432 Warren Motorway Suite 611,Christopherland,Hawaii,43281,171.588115,31.9166865
Rebecca Frank,57,0301 Garcia Mission,North Ashley,New Hampshire,69940,-35.643320,36.8148615
Ryan Cobb,58,3271 Jeffrey Spur Suite 730,Cristinahaven,Maryland,83871,-51.402411,10.4909475
Teresa Ray,22,576 Timothy Mills Apt. 867,Claireshire,Delaware,39818,115.881250,-8.8318055
Aaron Peck,72,74805 Kimberly Curve Apt. 916,North Seanshire,Connecticut,64870,-169.991012,-49.375910
Robert Hamilton,70,9943 Cabrera Cape,Burgessland,Tennessee,51338,10.953783,-69.7414045
Darlene Moss,65,841 Chang Plain,Pittsport,Massachusetts,66741,-176.697314,-79.9208655
Jason Nguyen,34,502 Landry Union,West Jenniferview,Minnesota,02365,-138.346866,34.591671
Susan Landry,38,252 Chapman Rue,New Donaldland,Nevada,12584,117.803843,53.3609265
Destiny Howell,32,5673 Cook Harbor Suite 901,North Stefanieview,Alaska,59753,-125.608454,52.1680645
Michelle Warren,66,8671 Vickie Turnpike,Anthonyberg,Pennsylvania,38119,37.342367,70.7585605
David Payne,38,349 Edwards Field Suite 123,Potterburgh,Massachusetts,90620,68.492831,-26.329794
Cheryl Mendez,73,1512 Judy Land,Susanville,Alabama,08192,179.090581,-68.911689
Brian Estes,56,90401 Higgins Hill Apt. 801,Jasontown,Alaska,29140,-47.124966,-83.3020705
David Williams,55,78143 Lydia Union Suite 488,Port Scottmouth,Virginia,40667,110.172176,40.699703
Derek Ramos,41,017 Charlene Junctions,New Alexandrashire,South Carolina,82420,48.788566,-52.746690
Deanna Walker,57,40550 Hughes Plain Apt. 291,Gomezchester,South Dakota,27458,147.135558,11.5707025
Dominique Lee,49,68677 Michael Neck,East Sharon,West Virginia,02915,111.066152,47.3930765
Melinda Bishop,63,343 Wright Divide Suite 213,Lake Baileyview,Alabama,38208,76.957942,4.9186425
Tyler Horne,23,573 Chad Glens,Amyton,Massachusetts,16153,-109.492503,-56.3005295
Lisa Figueroa,21,48567 Sparks Knolls,Rogersstad,Tennessee,16910,-32.173538,83.9732845
Christine Malone,24,180 Peterson Points Suite 246,South Dylan,Alabama,57705,-76.352220,44.4078845
Alison Walters,22,990 Vaughn Pine Apt. 654,East Pedro,Montana,52033,113.462411,-42.9904605
Matthew Hull,45,24076 Jennifer Parkway,Stevenview,Utah,89648,-88.697958,67.257497
Mr. Tracy Riley,44,753 David Inlet Apt. 525,East Tammyland,North Carolina,38093,160.678095,-32.698862
Ashley Vega,75,507 Robert Hill,North Ashleyton,West Virginia,72513,-101.335730,7.615213
Bryan Mills,66,91431 Hannah Wells,South Markfort,Tennessee,05866,-120.366885,62.589612
Roger Hernandez,23,832 Jason Ranch,Tamaraton,California,78371,-65.718367,7.2468235
Justin Allen,59,13017 Nichols Ports Apt. 493,South Erika,Nevada,93535,143.740960,88.672651
Jesse Webster,47,969 Kelsey Wall,Staceyhaven,New York,70922,150.039400,72.6904825
Vanessa Smith,31,505 Dennis Road Apt. 990,Lake Sabrina,Ohio,06657,-146.490594,-46.8699895
Joshua Blackwell,20,99844 Jones River Apt. 172,Michelleburgh,Nebraska,11242,-153.167070,-8.6784635
Curtis Hill,43,5029 Kelsey Ridges,Lake Robinshire,Montana,41756,-14.708689,85.1687945
Justin Davis,61,2064 Joseph Shore Apt. 627,Moranmouth,Maryland,90616,-100.666642,-79.1021805
Angela Torres,41,43253 Pacheco Estates Suite 644,West Leahstad,Tennessee,46002,-131.837627,-66.1276545
Emily Smith,77,94421 Chris Plaza Apt. 089,Sancheztown,Oklahoma,64351,-66.010240,-26.312245
Brooke Mitchell,42,2548 Sarah Crescent Suite 149,New Robert,Michigan,69061,41.054644,17.5998005
Michael Johnson,66,068 Brian Extension,North Bruce,Iowa,24930,-71.374339,-20.0730315
Philip Howard,26,627 Terry Motorway Suite 031,Mcguireborough,Kentucky,92151,10.016976,-46.5854765
Sharon Carrillo,24,55369 Shannon Ports Suite 683,Port Kimberly,Michigan,48360,152.459278,2.7579725
Michele Morrow,60,05443 Rodriguez Street Suite 344,East Garrett,Ohio,30240,-87.087128,73.3647515
Austin Miller,42,7013 Cindy Avenue,Stevenstad,Massachusetts,52542,-43.392514,24.0173525
Julia Andrews,75,20633 Phillips Alley Suite 567,Harrisburgh,Virginia,98129,-47.941234,37.9254625
Brandon Underwood,76,4643 Melton Glens Apt. 264,Kellyborough,Vermont,10537,119.594819,33.3612485
Mr. David Velasquez DDS,74,242 Joseph Greens,Jonathanland,Rhode Island,50763,-58.321083,-72.770779
Alexandra Jones,68,304 Duarte Fork,Lake Jessicabury,Nebraska,04791,-19.738720,15.114420
Tiffany Garcia,21,02863 Roger Stream Suite 919,Lake Sarah,North Dakota,63815,-25.792414,81.9839585
Todd Wright II,78,11763 Adam Tunnel Apt. 033,Vaughnview,Iowa,39809,176.446539,-4.391540
Joseph Bell,21,30752 Duncan Rue Suite 647,New Guyview,Maine,12171,155.381446,-54.844993
Natalie Hill,20,908 Ricky Mountains Apt. 965,Anthonyborough,Texas,28784,118.920696,-88.028217
Mark Yates,23,16015 Barr Ports Apt. 270,South Denise,New York,71874,-147.406370,-64.574819
Janet Long,39,29321 Black Manor,North Nicoleport,Minnesota,18608,82.754476,-12.023135
Rhonda Oneill,78,402 Travis Lake Apt. 944,Lake Karenside,New Mexico,03004,178.896220,-61.9624835
Douglas Washington,64,55539 Davenport Path,Jeremyville,Washington,20508,-150.149847,42.6847665
Curtis Graham,59,901 Sally Turnpike,Jordanborough,Nebraska,47831,-80.884964,-41.5354545
Joshua Riggs,41,016 Natalie Tunnel Apt. 548,Kellyborough,Virginia,78057,-136.833910,66.9934325
Kristin Thompson,80,49303 Cain Islands,Port Sherryfort,Nevada,65632,-7.523290,83.910555
Juan Howard,80,3361 Patricia Crossing,Michaelmouth,Arizona,43168,-15.138108,2.7468895
Susan Holland,53,4615 Heather Grove Apt. 816,Port Benjamin,North Carolina,20944,-163.129766,71.1684645
Nancy Bailey,51,4675 Jessica Mountains Apt. 377,Walkermouth,Minnesota,04320,-144.250733,-40.9943975
Charles Clark,42,996 Gonzales Gateway Suite 342,New Collin,Indiana,04748,-116.055111,62.5124665
Michael Harrison,49,7672 Monica Groves,Ryantown,South Carolina,90388,115.126558,28.1526455
Mr. Samuel Harrington DVM,45,92537 Patterson Neck Suite 574,Lake Lisabury,New Jersey,00939,-167.620754,-87.4101815
Amber Vincent,28,68068 Jenkins Keys,Port Curtisbury,Oregon,27366,168.024128,-38.3614975
Tracey Morse,34,17128 Sarah Forest,Port Nicole,Maryland,59170,34.705153,-9.3590695
Michael Williams,19,2239 David Mews Apt. 842,Walkermouth,Kentucky,30782,-133.933900,-72.853448
Peter Miller,42,77545 Jeffrey Bypass Suite 756,Aliceborough,Maine,88836,-79.659237,49.1554435
Ricardo Mcmahon,32,41434 Vanessa Rapids Suite 980,Port Christopher,Virginia,86584,145.408544,-52.3067725
Stacy Jones,64,125 Collins Forge,New John,Georgia,39851,9.503342,-67.8460955
Michael Bridges,24,82920 April Trafficway Suite 852,New Hector,South Dakota,17528,129.163976,-87.9216325
Meghan Mendoza,38,60818 Rice Meadows,North Lawrencestad,Alabama,91030,176.350131,-52.871187
Daniel Chandler,62,28305 English Crossroad,North Teresa,West Virginia,86033,142.280295,30.542467
Cheryl Day,73,9279 Melinda Bypass Suite 528,Allisonshire,Minnesota,01628,91.300998,-78.711956
Nicholas Woodard,54,180 Diane Place,Port Brandonhaven,Delaware,64514,-79.023757,24.3443095
Jillian Mendoza,50,70951 Juarez Branch Suite 274,East Tiffany,Hawaii,34494,-114.253952,-19.123019
Jesus Hall,80,237 Dylan Walk Suite 048,Kimberlyburgh,Connecticut,93597,131.248332,1.596547
Maria Taylor,30,47487 Jordan Valleys,Glennport,Hawaii,33490,135.837505,-53.4824045
Jose Hughes,79,6040 Smith Garden Suite 453,South Shelbyburgh,New York,02501,-12.135356,73.6483745
Ms. Eileen Hall,71,0189 Willis Estate Apt. 677,Nancyside,Louisiana,10403,137.558312,-10.0391795
Steven Steele,29,723 Anita Coves,Mossfurt,Delaware,44114,132.510873,0.8525075
Tyrone Franklin,50,32639 Steele Mill,South Angela,Arkansas,01312,-31.267888,77.7272555
James Hart,21,5911 Matthew Vista Suite 221,West Davidstad,Wyoming,93172,-89.131450,-25.4255105
Gregory Graham,35,370 Susan Avenue,Michaelberg,Wisconsin,17947,106.719050,85.018664
Haley Lopez,73,23006 Betty Prairie,Davisview,Illinois,07055,96.498248,83.6126275
Sharon Stewart,45,4533 Knox Keys Suite 378,Stoneton,Nebraska,44960,-58.417107,4.2275595
April Christensen,46,11463 Michele Lights Apt. 317,Port Jenniferfurt,Utah,70950,-8.442187,-85.9785915
Barry Carey,26,791 Eddie Cliff Apt. 178,South Joshua,Mississippi,12891,151.626407,-50.6811335
Timothy Good,29,178 Roger Island Suite 389,West Dan,Texas,52407,-3.417743,33.478991
Diane Tapia,66,864 April Course Suite 294,Tammyview,Texas,17359,88.825777,46.572634
Erin Aguilar,65,265 Green Harbors Suite 747,Joshuastad,New Hampshire,19125,159.756925,66.057251
Sean Lowe,78,3726 Morris Street,Lake Robin,Vermont,02998,56.726177,34.1753225
Nicole Lowery,43,18685 Raymond Green,New Kevin,Georgia,08372,-1.572501,-42.4473035
Kimberly Gibbs,37,1070 Anderson Parkway Apt. 272,Joseview,Massachusetts,48417,-17.650476,-14.6287565
Dr. Caroline Simmons MD,27,645 Jennifer Keys,Port Michaelbury,Wisconsin,35428,-110.904726,-25.1725535
Timothy Valdez,25,99942 Johnson Common Apt. 480,New Jaimeberg,Utah,20287,-44.020745,54.261624
Victoria Christensen,75,818 John Light,Nataliemouth,Oregon,49018,104.982874,14.174822
Rachel Stuart,55,88707 Brittney Cliff Apt. 134,Robertston,Alabama,41029,112.844115,23.3732815
Ashley James,49,406 Hunter Canyon Suite 290,Greentown,Oregon,10079,137.237976,84.721033
Russell Perez,25,26928 Carlson Lodge Apt. 801,North John,South Dakota,33956,16.683517,-18.9541455
Gina Santos,67,6940 Wilson Cliff,North Katherinetown,New Hampshire,66552,167.279021,39.689733
Connie Ramirez,19,7735 Lisa Shore Apt. 881,Stephenschester,Georgia,08458,162.668759,53.1302545
Matthew Vaughn,35,52209 Jenkins Fords Apt. 198,South Ashleyborough,Utah,80008,-167.212552,-16.8468515
Billy Patel,47,154 Alvarez Divide,East Thomasborough,Ohio,74606,-177.961267,-81.8144975
Kendra Brown,54,993 Lozano Crossing,Jeremyside,Kansas,25945,100.063359,-64.104625
Wendy Roberts,72,0087 Dawn Parks Suite 413,East Lori,Texas,82681,63.326274,49.3903165
Edward Krause,70,8835 Smith Ramp Apt. 034,Lisamouth,Indiana,12150,-33.878615,68.304473
Patricia Murphy,71,91722 Ashley Mountain Suite 407,West Michelle,Louisiana,25526,162.804754,2.091658
Natalie Richards,78,343 Taylor Well Suite 842,Leslieville,Hawaii,22474,-161.495773,2.991441
Joseph Williams,51,2246 William Court Apt. 185,Eileenberg,Alabama,10285,-9.558533,70.8341035
Michelle Dickson,51,055 Brandon Brooks Suite 421,Julieside,Hawaii,23308,-3.118837,54.851353
John Bryant,19,14612 Tara Squares,Port Rickychester,Delaware,57603,106.188933,75.050656
Ann Schmitt,32,7863 Keith Oval,South Jessicahaven,Rhode Island,67697,22.919536,-46.8743455
Roberto Smith,65,24656 Jesse Lock,West Brandonville,Montana,68535,-53.576919,58.170970
Jason Parsons,60,55639 Hampton Villages,Port Daniel,Alaska,18069,-73.241506,78.1811155
Donald Quinn,59,86762 Daniel Crest Apt. 254,New Debraborough,Virginia,50745,-9.942424,16.9836695
Carolyn Kim,42,666 Miller Freeway,Whitefort,South Dakota,59729,5.055188,25.0158975
Rachel Leonard,55,0966 Tanya Forks,South Jamesside,Washington,31119,-21.486966,-60.277598
Karen Davis,48,815 Denise Causeway,Lake Eduardoside,Rhode Island,50773,-12.350468,85.747345
Theresa Dominguez,22,42921 White Burgs Apt. 426,Hannaland,Delaware,32675,-6.631244,-71.3395005
Kristen Miller,49,98147 Williams Manors Apt. 621,Port Tina,Maine,55114,-151.645535,80.0157025
John Walker,21,335 Cunningham Estates,Danaland,Virginia,39289,146.531631,-25.274203
Zachary Patton,51,84378 Kayla Route Apt. 423,New Christine,Missouri,70263,164.927315,-56.0253065
Eric Lynch,31,14412 Allison Mission Suite 082,Mahoneyview,Nevada,19287,-12.566484,6.641601
Victoria Lawrence,38,701 Chavez Haven,Port Megan,Nebraska,98548,57.530630,-29.0620165
Eric Chase,24,209 Richards Plains,Darrellfort,Rhode Island,17237,162.364280,-64.2686625
Jonathan Harris,46,5487 Jessica Glen Apt. 060,Pamelashire,Virginia,37141,34.011571,-55.851597
Rose Torres,30,1421 Zachary Station Apt. 139,West Daniel,Washington,39809,-144.323614,75.508595
Angelica Evans,68,085 Robin Bypass,Ballbury,West Virginia,74222,116.214336,-54.8829945
Courtney Lucero,66,17208 Heather Pines Suite 748,Julietown,Massachusetts,48815,-151.824424,52.8784065
Pamela Roberts,21,649 Henderson Green Suite 454,Port Coreyburgh,Arkansas,32627,-39.365329,47.072512
Susan Martin,50,2809 Reyes Stream Apt. 114,Tommychester,New Mexico,86112,105.437304,60.3337035
Michael Marshall,64,747 Alexander Rue Suite 662,East Maryton,Missouri,78287,-92.159731,-16.979164
Juan Hill,66,776 Michelle Wall Suite 790,North Erinshire,North Carolina,79030,-14.660251,77.3302225
Brian Sullivan,29,13875 Travis Flat,New Amy,North Carolina,72900,69.939123,83.267960
Erica Harvey,34,7866 Jessica Island Apt. 646,Jonesfort,Alaska,92458,-85.506991,31.137220
Justin Henderson,49,9105 Brown Prairie,South Anthony,South Dakota,24161,-115.845765,-32.8239375
Lori Porter,48,3653 Armstrong Wall Suite 751,Lake Jamesside,Georgia,08076,120.390331,17.0993505
Douglas Jackson Jr.,63,381 Brent Fields,South Sheri,Virginia,87946,-166.415140,60.725040
Brad Hensley,77,9957 Mack Dam Suite 909,South Kelseystad,Alaska,03544,-16.060420,-42.778513
Joshua Rogers,63,184 Tiffany Corner,Baileyview,Georgia,37418,55.371947,-60.1629235
Rachel Jimenez,37,748 Teresa Roads,Michellechester,Oregon,15972,53.586089,0.3164125
Douglas Phillips,51,8938 Garcia Fork,New Ashleyside,South Carolina,92805,125.153262,14.2529915
Christopher Roberts,79,701 Arthur Rest,Jennyfurt,Nebraska,56643,-14.635752,-46.1624665
Donna Navarro,75,0262 Madeline Views,Rodrigueztown,Kentucky,44795,-12.959357,-39.1451175
Laura Edwards,35,37425 Peter Village,Port Sharonborough,Florida,02071,-163.661547,74.983416
Luis Williams,54,32170 Gordon Expressway Suite 730,Moorefort,Kentucky,01542,26.013647,-89.437422
Kimberly Vega,58,538 Jonathan Port Apt. 935,West Zachary,Colorado,53037,-127.832101,-24.000502
Juan Myers,28,11621 Miller Crossroad,Davisborough,Missouri,92402,55.246581,-81.559263
Ashley Young,80,268 Wright Mission Suite 588,Port Todd,Oklahoma,15110,79.795432,46.1609635
Jose Adams,55,651 Shannon Village,Smithmouth,Nebraska,13131,-51.218589,59.5186695
Mary Gray,67,59654 Ricardo Avenue,North Donald,New York,43862,65.719430,-31.395676
Maria Gardner,80,018 Miller Squares Suite 528,Burgesstown,Oklahoma,47845,122.651913,79.017043
Calvin Robbins,58,59037 Armstrong Bypass,Port Joshua,North Dakota,69522,-36.982332,-55.495015
Charles Moore,18,905 Betty Well Suite 443,Michelleshire,Michigan,49135,110.274852,-61.854755
Elizabeth Nelson,30,01937 Johnson Road,Burnettfurt,Alabama,19039,-114.291113,-37.0904875
Mary Henderson,74,767 Vasquez Walks Suite 928,Port Waynefurt,Delaware,88221,37.962960,84.941487
Nicole Watkins,67,182 Sparks Valleys Apt. 938,North Erica,Arizona,09430,137.053655,30.844139
Elizabeth Robinson,59,4392 Rhodes Prairie Suite 758,Henryborough,Vermont,28795,-27.324576,-8.5661295
Angela Lopez,19,666 Nathaniel Creek,New Ronaldstad,Maryland,48616,-10.760533,-0.668863
Joann Weaver,63,4819 Krystal Islands Apt. 389,Coletown,California,20096,-104.893186,78.146076
Christina White,60,782 Carrie Garden,Robertview,Washington,81624,155.687488,-21.976747
Laura Dean,50,4518 Briana Villages Apt. 042,Ricardoside,New Hampshire,11029,76.003050,-24.055200
Patrick Estrada,30,11057 Lynch Freeway Suite 665,Port Aaronbury,Maryland,27230,-34.927859,88.5909305
Kelly Bond,31,7557 Whitaker Fork,Port Ronaldbury,Alaska,75374,-62.378675,-48.9817145
James Lester,21,90417 Nancy Isle,Whiteborough,Pennsylvania,95244,133.436919,59.146659
Tiffany Davis,76,4134 Torres Heights Suite 033,Kathryntown,Arizona,58825,176.007851,-37.0762585
Thomas Moses,66,4424 Glass Shoals Suite 846,Nguyenburgh,Kentucky,93989,68.482315,0.0845965
Karen West,30,593 Angela Squares Suite 788,Nicoleton,Wyoming,20505,-99.469006,-80.498637
Anthony Potter,31,25982 Leah Locks Suite 614,Mollyberg,Oklahoma,89963,-40.032683,70.6556865
Christopher Williams,46,51355 Jonathan Plaza,West Tracy,Kansas,77068,175.438870,44.5888595
Cynthia Cox,56,324 Heather Ports Apt. 844,Alexandermouth,Connecticut,95087,-168.466108,78.714151
Spencer Jackson,28,5765 Donald Vista,Jamesberg,Colorado,52051,139.179875,-45.3823625
Valerie Hurst,47,5429 Carol Groves Suite 747,Tiffanyton,North Carolina,01840,58.123811,3.7339825
Aaron Marks,73,2054 Dustin Corners,North Cherylhaven,Connecticut,57170,-106.331926,-21.997211
Lindsay Melton,22,35854 Troy Mountains,Lake John,Texas,72241,-107.200996,-11.2886965
Kara Freeman,34,0770 John Wall Suite 318,North Ashley,Arkansas,54786,68.061778,-86.323965
Jonathan Hale,28,82585 Justin Forges Apt. 607,North Andrea,New Hampshire,47214,-142.340025,19.434553
Lisa Aguilar,30,795 Heather Throughway Apt. 198,Liview,Wisconsin,30928,89.729738,-1.348143
Jonathan Daniels DVM,24,399 Joshua Key Suite 327,Lake Danielle,Washington,77687,-112.443489,-17.915421
Andrea Kim,54,2383 Patricia Cliff,East James,Oregon,25642,3.773721,9.2978475
Robert White,57,502 Myers Ferry Suite 932,Andreaborough,Minnesota,76508,121.352706,12.542780
Megan Tran,53,32342 Nelson Fort Apt. 988,Priceton,New Jersey,23255,-102.603687,-89.5371895
Nancy Romero,66,56586 Nathan Green,Abigailview,Pennsylvania,75103,105.904343,-86.902079
Peter Chen,20,86860 Gina Freeway,Port Shawnside,Nebraska,43401,139.930574,76.2346975
Craig Fowler,19,2501 Kenneth Forks,East Robertville,Nebraska,68726,-171.215404,51.583553
Diana Daniel,20,0396 Wu Burgs,Port David,Washington,66685,-123.889968,-88.8160675
Robert Rhodes,72,41045 Kenneth Groves Suite 942,Smithton,Nevada,16839,-24.044736,-47.196448
Gabrielle Sanchez,80,020 Katie Gardens Apt. 515,South Eric,Massachusetts,70091,-65.572367,31.135292
Mr. Robert Jenkins,74,483 Golden Mount Apt. 490,Bryanhaven,Ohio,95623,165.860590,49.6614185
Krystal Esparza,72,294 Smith Mount,South Evanstad,Kansas,01151,137.492026,69.4077575
Michael Hill,76,247 Jimenez Road,Joyceshire,Pennsylvania,75443,-56.112159,-63.5737535
Sue Shields,77,44953 Jon Fall Apt. 607,Joshuamouth,North Dakota,53849,59.123327,-25.4351645
Stephanie Richmond,70,20418 Johnson Dam Apt. 366,Raymondland,Oregon,94305,-91.730637,-72.662867
William Lopez,71,134 Little Well Apt. 370,North Jasonchester,Alabama,16975,177.159457,66.5986835
Jessica Pearson,34,2215 Reyes Land,Berryfurt,Maryland,04838,-95.785033,5.017240
Kristen Nguyen,25,1197 Pitts Isle Suite 899,Port Sarah,North Carolina,50327,98.425798,17.8984695
Jackie Green,19,018 Stephenson Street,West Laurashire,South Dakota,29378,117.008139,-38.5196075
Linda Hill,42,344 Cox Point,North Brianmouth,Nevada,22462,93.088816,-53.8992345
Carl Koch,18,316 Cindy Parks,Port Misty,Maine,34170,167.653891,-15.6956545
Lisa Larsen,36,0898 Kane Stream Apt. 294,Rachaelshire,Louisiana,17199,26.077903,71.542513
Vincent Lawrence,33,09643 Hall Cliff Apt. 060,South Michaelbury,Washington,35072,9.022869,-17.264349
Gina Johnson,61,1600 Christina Club Apt. 120,New Andrew,Missouri,93017,-53.654159,61.7769225
Linda Sims,78,5891 Tyler Way Apt. 309,Edwardfurt,Vermont,26489,-90.756209,51.716273
Shirley Barnes,49,00470 Hill Estate Suite 003,Annaland,New York,26388,-41.802437,12.4446255
Justin Herrera,62,494 Jacqueline Rest Suite 161,West Michele,West Virginia,68988,112.083806,6.633096
Michele Gray DDS,52,5662 Jay Light,West Jerry,Kentucky,16943,169.344404,37.9323585
Jennifer Morris,71,645 Stevens Centers Suite 752,Laneland,Minnesota,22192,-20.298950,-52.6617115
Christine Robinson,45,99493 Brooks Locks Apt. 547,Port Sabrinaborough,Connecticut,97704,-107.867829,-10.7391415
Mary Jacobs,21,1119 Philip Manor Apt. 660,New Tony,Nebraska,25526,-57.136378,13.2489105
Tommy Thompson,51,6323 Gary Valleys Apt. 720,Gardnerton,Indiana,22754,-82.054088,1.078473
Tricia White,44,70121 Jennifer Island Apt. 727,North Justinborough,Iowa,44741,-165.952443,-70.5528115
Maria Brown,61,36760 Christine Gardens Apt. 492,Wrightburgh,Colorado,49148,-49.807542,-4.508914
Jill Walker,64,64363 Henson Inlet Suite 241,North Aaron,South Carolina,58017,97.553263,30.8251935
Katherine Ferguson,75,6700 Christy Common,Lindsayton,West Virginia,63954,-41.165752,42.4858105
Alicia Yoder,41,7764 Thomas Junction Suite 136,Port Christianland,Wyoming,29042,-165.082903,-50.3210235
Kevin Anderson,46,130 Bradley Villages,East Robertburgh,Michigan,11784,-93.974495,-46.1917645
Jared Nelson,27,09813 Hernandez Summit,West Daisyside,Arkansas,73376,106.285396,-57.374025
Miss Jennifer Blake DVM,29,97130 Jeremy Skyway,Smithfurt,Rhode Island,62051,-71.617999,74.9730445
Yolanda White,50,3652 Duncan Expressway Suite 376,West Vanessa,Virginia,77650,-111.901083,72.892449
Danielle Nguyen,71,9518 Rebecca Tunnel Suite 767,Robinsonside,Washington,32060,57.073181,-84.4873115
Christopher Perez,42,86837 Anthony Shore,South Shawnstad,New Mexico,51236,112.149854,-34.8547275
Douglas Carter,61,2793 Stacey Expressway Suite 474,Maryberg,Nevada,46677,-59.653133,-45.9045885
Kyle Lopez,71,81730 Joshua Squares,West Shelleystad,Mississippi,52246,87.094297,5.869252
Rebecca Martin,39,9942 Byrd Brook Apt. 804,Leahtown,Iowa,62540,100.194708,29.438911
Pamela Sutton,29,36563 Richard Squares Apt. 680,Lopezshire,Louisiana,96272,120.207727,41.579420
Leah Thomas MD,65,905 Thomas Heights Suite 074,Vanceshire,Massachusetts,52817,119.363963,-10.2471995
Amber Baker,68,11175 Robert Road,Lake Richard,Nebraska,52394,-72.038271,40.9079125
Benjamin Diaz,54,383 Goodman Pine Suite 563,Smithshire,Maryland,97023,-55.221966,49.891315
Heather Hubbard,51,9575 Mark Locks Suite 860,Lake Jamesbury,Ohio,54022,143.900486,81.8415175
Michelle Gill,24,3186 Jeremy Vista,West Ericburgh,Maryland,70578,136.765576,-63.1223285
Stephen Mathews,53,709 Tiffany Overpass Suite 123,New Morganfurt,Arizona,61801,-173.305656,30.1805545
Joseph Gray,67,672 Farrell Alley Apt. 815,Carolmouth,Maryland,13556,14.429743,44.574383
Peter Lopez,24,5162 Davis Springs Suite 711,South David,Kansas,13040,171.349492,19.7682485
Jamie Lee,63,5099 Harding Ville,North Christine,Missouri,21521,154.865913,-87.2707945
Wesley Saunders,73,83070 Chad Bridge Suite 800,Brendaton,West Virginia,01001,-142.867937,-39.156757
Christian Donovan,23,914 David Ville,Lake Gary,South Dakota,70039,130.456010,-8.8976115
Rachel Myers,65,157 Lewis Square,West Candiceville,Louisiana,79127,-100.814020,87.3076715
Shari Martinez,69,233 Kimberly Spurs Suite 541,Williamsshire,Colorado,13373,-169.777872,-21.0708065
Todd Schmidt,19,3779 Gordon Circles,Lake Ianberg,West Virginia,56538,38.282100,84.6927955
Christopher Sims DDS,46,510 Dennis Port Apt. 205,West Amy,Hawaii,72053,76.861026,28.2584205
Mark Johnson,48,00920 Livingston Landing Apt. 645,Jeffreymouth,New Jersey,67259,109.297132,55.8846105
Emily Mccarty,27,952 Nancy Causeway Suite 640,Donaldhaven,Minnesota,52181,50.297260,-46.902767
Reginald Wright,59,8615 Austin Roads,Crystalville,Nevada,36874,-69.620798,-51.2713495
Rebekah Morgan,50,77079 Janet Corners,Jacquelineside,Nebraska,01464,-6.870305,-80.5033985
Hannah Young,56,1841 Huang Ford Apt. 689,Morrisshire,Vermont,75823,-30.559593,88.6700435
Ann Parker,29,123 Eric Junction,Lake Daniel,South Carolina,47568,-151.917653,-53.4692355
Vickie Payne,30,194 Daniel Summit Suite 870,Combsmouth,Illinois,35263,-99.535060,-10.2973345
Emily Blair,32,37008 Adkins Isle Apt. 335,Batesstad,Arkansas,22956,-98.901118,-24.368328
Carlos Johnson,55,693 Laura Vista,Williamschester,Virginia,27020,41.654910,1.324806
Herbert Abbott,51,47795 Amanda Oval,Mccormickville,Indiana,57475,-49.122370,23.820043
Brianna Kelly,29,9612 Margaret Circle,Port Reginaberg,Alabama,50680,-58.409895,-70.3147475
William Atkinson,19,981 Drew Spring,Lefurt,Alaska,61014,51.388068,74.911334
Jessica Watkins,45,97626 Parker Locks Suite 173,New Brittanyhaven,Georgia,09004,-73.380468,2.1364885
Rebecca Marshall,70,0278 Rita Walks Apt. 217,East Natalieport,Indiana,72967,139.789715,5.2947565
Stephen Ryan,73,500 Whitaker Glen,Garciafurt,Minnesota,45211,119.422977,17.3982165
Leslie Hinton,73,76396 Avila Springs Suite 184,Port Charlesport,Oklahoma,36785,114.755193,61.851168
Ashlee Huynh,50,389 Patrick Ford Suite 933,South Isabelstad,Rhode Island,04056,-161.095494,58.3044815
Troy Hubbard,72,53412 Michael Row,Port Laurashire,Michigan,41772,62.914532,68.447887
Grace Carpenter,79,50777 Dunn Landing,Pamelashire,West Virginia,41813,82.011320,73.6582925
Christopher Perez,76,206 Molina Ramp,North Juan,North Dakota,34183,-58.483493,71.9518805
Debra Banks,43,786 Robert Knolls,New Debra,Washington,37876,120.836977,-40.2153325
Steven Henderson,59,28501 Terry Mountain,Lake Luis,Ohio,88046,-34.536448,70.7747535
Jasmine Caldwell,48,53575 Gallegos Walks Apt. 613,South Kim,Wyoming,25913,100.669421,67.8409815
Stephen Tucker,38,088 David Isle Apt. 115,South Benjamin,New Mexico,54655,-165.508639,60.739266
Cameron Coleman,57,91092 Brent Island,Shannonberg,Illinois,23244,-153.279308,-44.444998
Jason Hines,42,2307 Madeline Fort Apt. 887,West Victoriaton,Texas,70535,139.407962,-42.343037
Ian Gates,57,3482 Justin Inlet Suite 380,South Codyshire,Tennessee,26546,130.499871,-35.6502305
Charles Malone,48,19989 Wiley Heights Apt. 309,East Christopherborough,Florida,73073,157.325961,46.7853525
Jessica Sullivan,59,8597 Brent Mountain,East Brittanytown,Utah,32372,-163.939257,-44.1072115
Andrew Wallace,45,9374 Hudson Hill,Butlerhaven,North Carolina,63229,15.164389,31.723295
Stephen Cooper,28,773 Mcbride Knoll,East Francisco,Alaska,46278,-51.532651,-48.659214
Jane Howell,64,66759 Curtis Cliffs Apt. 542,East Anthony,Wisconsin,77725,-69.337216,-34.719255
Mrs. Heather Montoya,76,99037 French Street,Mikemouth,Maryland,11898,-53.272566,-23.004319
Colin Phillips,23,1864 John Fords,Port Tyler,Kentucky,94495,-145.015369,55.549766
Courtney Stokes,24,992 Russell Extensions,Riveramouth,Florida,13109,117.010826,41.7504765
Brian Walker,57,69376 Derrick Loop,New Gregfort,Iowa,73021,-142.993514,-59.8518105
Kara Chase,23,76438 Donna Way Apt. 814,Port Andreaburgh,Missouri,06628,-171.909600,-69.9913745
Johnny Wilson,18,5975 Novak Ranch Suite 802,Emilybury,Idaho,19995,173.230375,-65.069200
Robert Hunter,65,3825 Michael Manor,Port Tylerstad,Tennessee,26614,-27.195190,3.1122925
Dawn Webb,63,675 Brandon Corners,East Matthew,Rhode Island,40662,-154.934396,17.7305575
Valerie Ruiz,40,281 Travis Springs,Hamptonton,Michigan,42072,163.530879,88.831366
Heidi Fernandez,77,25920 Wendy Union Apt. 982,Collinsview,New Mexico,19065,4.786829,79.796445
Robert Watson,75,56714 Meghan Valley,Taylorside,New Jersey,86616,-12.023275,-18.5371815
Kayla Flores,34,45960 Karl Corners Suite 235,New Vanessa,Alabama,20830,45.015910,51.901115
Barbara Sexton,26,636 Kayla Squares Suite 360,Nathanland,Rhode Island,55998,160.644581,-39.2255625
Krystal Young,71,49317 Ellis Pike,West Anthony,Ohio,77064,80.683054,35.451592
Rachel Rogers,22,7923 Jennifer Curve,Port Elizabeth,Tennessee,07626,-130.547428,-50.280306
Kathryn Harris,65,821 Michelle Junction Apt. 147,Robertberg,Georgia,32653,45.340176,15.716071
Wayne Fitzgerald,45,6288 Benjamin Forges,Port Jacob,West Virginia,87479,-0.095343,-84.2122565
Renee Jones,18,92234 Arthur Canyon,East Amanda,Minnesota,77170,110.523245,43.4315585
Kristen Brown,45,5849 Meyer Street,Kelseymouth,Oregon,12059,114.700308,-56.9831285
Samuel Byrd,26,2168 Dillon Brooks Suite 905,Lake Victoriamouth,Mississippi,57220,-19.520919,70.383359
Kristin Rose,29,6029 Mitchell Pine,Hickmanmouth,Ohio,22980,55.575601,-67.319122
Anna Sullivan MD,72,513 Elliott Island,Meyerview,North Carolina,28217,-137.611206,61.6445885
Nathan Huang,40,961 Gomez Fort,Kaylaside,Oregon,81902,-58.822149,68.929490
Thomas Mcclure,62,4319 Pratt Station,Masseymouth,Illinois,77447,18.007241,87.1058445
Rhonda Reyes,56,7439 Michelle Grove,East Rebeccachester,Mississippi,83861,-159.227806,9.7970905
Jennifer Vazquez,50,81767 Jones Springs,East Ryan,Oklahoma,33507,-39.788491,-40.378947
Logan Cole,57,5748 Sarah Drives Apt. 268,Michaelport,Oregon,81920,-150.194943,62.8045265
Julia Scott,19,782 Madison Drive Suite 261,New Samuel,Arizona,74537,18.075710,61.461216
Megan Larson,80,6039 Thomas Spur,Lake Angelafurt,California,24142,-165.082063,-40.174017
Jesus Wolf,35,30118 Garcia Rest Apt. 297,East Joshuaview,Delaware,68169,-164.268314,89.603972
Jon Lutz,70,1201 Rose Radial,Callahantown,North Carolina,21181,-65.748716,-29.6562005
Jason Hubbard,26,47680 Holmes Heights Suite 072,West Kirk,Idaho,16588,20.190701,55.8830585
Aaron Smith,23,930 Craig Skyway Apt. 741,Lake Melvinhaven,Wisconsin,20509,-164.140344,-20.921711
Christopher Valenzuela,52,2780 Elliott Summit Suite 463,South Calvinstad,South Carolina,20838,1.290280,0.2980835
David Williams,72,6720 Stephen Stravenue Apt. 087,South Emilyburgh,Oklahoma,41165,-26.317286,83.2170235
Amy Lewis,26,3752 Miller Well Apt. 932,Lake Natalieville,Alabama,82449,-124.659240,37.633023
Jane Washington,43,201 Margaret Mountains,Tristanborough,Connecticut,25564,69.292109,55.0056975
Lisa Sanchez,53,208 Baxter Pike,West James,Indiana,57701,-155.480676,24.066465
Holly Baker,42,1534 Stephens Burg Suite 769,Perezburgh,Arizona,16735,98.849809,-44.953837
Heather Hopkins,59,2628 Brooke Trail Suite 092,East Susanview,West Virginia,90310,-134.423365,-32.7388725
Sharon Gonzalez,35,4755 Benjamin Mountains Suite 725,Lake Timothyhaven,West Virginia,36589,118.577480,-76.253672
Sarah Ibarra,20,885 Angela Isle Apt. 168,Morgantown,Delaware,92422,138.269045,-78.3584705
Jillian Pratt,51,1724 Carroll Run Suite 678,West Heatherport,Maine,58906,122.682095,49.9993085
Julie Burton,61,4509 Shannon Stream,West Kristyville,Washington,98629,-86.893669,-81.747017
Debbie Green,70,68061 Anthony Mill,Vincentberg,Alaska,76638,162.504857,-14.8156495
Bobby Johnson,36,1405 Sherry Stream Apt. 924,West Dennis,Indiana,31808,-41.585880,65.572961
Anthony Garcia,30,2800 Moyer Heights Suite 749,West Tylerhaven,Florida,49635,138.612079,41.4120075
Joseph Garcia,46,04471 John Rapid Apt. 794,Josephton,Nevada,47507,-117.147060,50.730019
Cathy Davis,21,48044 Jones Club,Lake Zachary,Colorado,00644,73.896747,-13.881604
Brett Martin,34,8396 Jerome Springs Suite 267,Palmerside,Texas,06653,118.357574,15.154517
Samuel Delacruz,34,528 Kurt Meadow,Hernandezside,Nevada,26285,82.724778,75.1332465
James Hopkins,47,48440 Aaron Route,New Adrianfurt,Arizona,76257,63.876027,11.167182
Michelle Perry,59,386 Christina Green Apt. 734,Joshuabury,Washington,27052,-40.703335,-17.9639635
Erica Castaneda,20,798 Hernandez Island Suite 044,West Margaret,Washington,60902,115.879915,-31.9251905
Kimberly Herring,80,704 Donaldson Throughway Suite 100,New Kevin,Montana,94602,60.790680,13.5905255
Stacy Torres,20,0335 Stephanie Villages Suite 857,Charlestown,New Mexico,08450,6.159985,65.3718935
Victoria Frazier,50,53055 Michael Island,East Jillhaven,West Virginia,47780,105.937663,9.1479335
Robert Morales,40,30226 Meghan Fork Apt. 225,North Sarahland,Montana,39099,106.894381,36.4393375
Valerie Cunningham,79,9148 Damon Prairie Apt. 043,Karenside,South Dakota,16362,111.671989,15.5009955
Harry Gomez,69,341 Paul Glen Apt. 286,Hubbardmouth,Arkansas,29196,76.726181,-7.8463375
Mary Combs,49,8564 Campos Rapid,Camachostad,Colorado,18343,-173.189119,88.6418555
Cassandra Mccormick,21,92211 Sandoval Walk Apt. 825,Kellymouth,Ohio,25986,-177.053361,26.664013
John Russo,78,3858 Shaw Prairie,Robertstad,Illinois,95735,147.422360,78.7330015
Robert Jones,51,9297 Stephanie Shoals Apt. 248,Port Gregory,Alaska,37444,-111.878810,-15.391555
Anna Ortega,44,851 Frank Causeway,Amberview,Iowa,75821,-88.013208,-50.3048915
Carrie Bell,32,553 Washington Mission Apt. 207,New Heather,Kansas,52472,-116.623468,37.155731
Elizabeth Salas,70,04821 Kristy Green,South Laurafurt,Nebraska,59679,-38.155128,86.9646975
Sarah Larson,38,2022 Julie Port Suite 262,South Amandahaven,Louisiana,11393,29.661296,17.5108505
Dr. Alison Chapman MD,54,83572 Thomas Extension Suite 521,Michaelside,Louisiana,07127,108.161744,-85.362475
Zachary Wilson,26,606 Christine Mountains Apt. 182,Browningtown,Wisconsin,21319,-147.201776,-89.450577
Yvonne Johnson,69,107 Ellis Meadow,Morrisberg,Florida,72221,-169.890933,55.4200235
Gregory Brown,63,150 Castro Summit,Luismouth,Colorado,32805,-109.221224,-71.2410905
Victor Gallagher,80,52389 Clinton Curve Suite 063,Port Lisa,Idaho,33195,56.833043,3.5155225
Debra Williams DDS,52,208 Brown Brook,Coxside,New Jersey,54897,-30.220719,2.4869045
Mark King,40,1870 Montgomery Station Suite 782,New Aarontown,Florida,81445,117.056926,35.699390
David Brewer,50,0307 Jonathan Lodge Suite 974,Padillaburgh,North Carolina,58231,-24.445725,84.9493295
Jared Brooks,64,2617 Michael Curve Suite 641,Ashleyfurt,Georgia,41127,69.606702,-38.691031
Kristin Sanchez,37,608 Vaughn Camp Suite 429,Laurentown,Georgia,48030,-24.275005,-41.045122
Karen Rivera,50,853 Melissa Spring Suite 964,North Noah,South Dakota,34709,164.415324,-64.1526325
Michele Reyes,43,08322 Rebecca Park,South Rickfurt,Iowa,63058,26.388326,49.3651475
Kaitlyn Edwards,80,18153 Lauren Lodge Suite 594,Jonesbury,Arkansas,68610,23.917966,53.6144295
Andrea Thompson,37,012 Katie Path,Mikaylahaven,Washington,43800,-98.571813,-23.327771
Julian Flores,40,5605 James Cape,Amandamouth,North Dakota,20586,-90.247723,-7.989271
Pamela Silva,36,5430 Victor Corners,South Elizabeth,Arizona,72901,-97.569251,-39.2283135
Steven Smith,64,1586 Wesley Rapid Apt. 957,West Alexandriaville,Tennessee,11121,173.258526,-34.6476985
Brandy Allen,50,57863 Michael Inlet,Angelafort,Maine,68120,52.957379,-62.3730315
Jacob Freeman,30,3355 Kevin Fall Apt. 761,Melissafurt,Idaho,73877,121.426725,72.102265
Steven Thompson,24,993 William Green Suite 282,Lake Angela,Nevada,62838,-16.720256,48.1926215
Christopher Valentine,33,26642 Paula Terrace Apt. 752,East Nancy,Wisconsin,01761,0.242618,66.6980495
Jacob Horton,18,50784 Logan Causeway Suite 803,Sarahborough,Arkansas,84329,-10.166347,50.039156
Christina Brown,68,4499 Kelsey Island Apt. 843,Klineville,Massachusetts,81692,40.352726,-46.888909
Yvette Gates,51,745 Tracy Freeway,East Tonya,Louisiana,86909,164.475136,-18.428242
Matthew Mercer MD,62,37579 Sandra Ports Apt. 961,New Brian,Kentucky,80582,-37.573940,49.578532
Noah Huffman,80,139 Elizabeth Forks Apt. 341,Port Christinestad,Washington,32086,-16.995025,52.7764265
Patricia Miller,80,1395 Davis Extensions Suite 473,Hendersonborough,Arkansas,24694,-126.531528,57.202020
John Lane,69,279 Kirk Estates,Phillipsview,Oklahoma,94094,1.003006,19.2913345
Natalie Johnson,20,59904 Hunter Overpass,Haileyside,Minnesota,19652,22.339254,-10.989232
Michael Hunt,77,61119 Patterson Tunnel Suite 134,Lake Erica,North Dakota,69882,-100.234883,-64.1392415
Cynthia Cisneros,23,9175 Jonathan Meadow Apt. 178,Brettside,Mississippi,40472,-84.110416,48.099168
Paul Knight,32,500 Martin Union,New Michaelmouth,Kansas,67981,-40.593405,33.2411905
Deborah Stokes,62,34632 Cain Corner,Andrewland,Tennessee,71972,-70.605511,56.3419225
Bailey Robertson,25,708 Ashley Station,Walkerland,Utah,30468,60.624865,-82.447503
William Summers,64,57655 Phillips Roads Suite 491,New Danielle,North Carolina,04938,93.617110,-5.255763
Hayley Fields,38,5339 Kimberly Wall Suite 406,Jimmyside,Massachusetts,18735,81.335208,-18.3641675
Kelly Wilson,64,576 Gross Harbor Suite 802,South Jeffreyhaven,Kansas,11656,143.390168,4.2178405
Melinda Franco,66,543 Carrie Stravenue Suite 866,Wardmouth,Illinois,83145,-98.447866,33.3784225
Michael Harrell,36,5870 Kristina Ridge Suite 272,Port Kevinstad,Missouri,10123,-88.869629,40.6173465
Kenneth Burnett,37,78715 Davis Mission Apt. 004,Travisstad,Washington,39425,9.403531,-34.4226045
Christopher Boyd,62,526 Smith Walk,South Jennifer,Montana,82594,118.224444,59.897457
Jeffrey Lambert,18,16028 Clayton Keys,Lake Shelby,West Virginia,46359,152.850058,-39.9986495
Lisa Palmer,42,5187 Eric Lodge Suite 450,New Jeffreychester,Connecticut,30227,-154.440453,-0.8057145
Allison Brown,19,97704 Reginald Trail Apt. 181,Port Pattyton,Iowa,54680,-156.436474,33.792199
Carol Patel,22,6195 Angela Trail Suite 692,Michaelastad,Vermont,57455,153.150185,-73.2696195
Christine Small,76,3226 William Orchard Apt. 722,North William,Wyoming,95773,118.843651,73.1595495
Deborah Thompson,64,049 Ronald Prairie Apt. 846,Karenton,Hawaii,69184,-14.163361,73.081720
John Parks,72,67932 Alexis Well Suite 083,East Jamesmouth,Washington,13849,41.579074,79.489523
Jessica Lamb,46,99281 Elizabeth Trail Apt. 931,Davidbury,Montana,22932,-98.260303,-78.875817
Victoria Hart,67,5240 Arias Throughway Suite 608,Port Tracyburgh,Alabama,39427,119.669210,-17.1675645
Jeff Harrington,77,31589 Chang Via,Victoriaport,Illinois,12527,31.379681,-70.2243375
Laurie Burns,70,6224 Parker Harbors,North Briana,South Dakota,58760,-4.394705,16.4256675
Kelli Gentry,62,7215 Amy Meadows,Austinmouth,Wisconsin,20144,-147.582471,-66.7787765
Oscar Cox,20,85094 Amanda Burgs,North Justin,Kentucky,51438,160.632613,29.9857565
Jesse Townsend,35,85689 Moran Ridge,Douglasshire,Rhode Island,77691,-65.974948,87.271314
Kara Doyle,34,68036 Paula Islands Apt. 482,Turnerborough,Alabama,94133,117.026299,54.856650
John Peterson,35,7179 Taylor Landing Suite 274,Port Jamieport,California,52622,163.869173,-43.9994615
Sabrina Rojas,66,8896 Green Lock Apt. 461,Danielfurt,California,02750,-105.635904,-63.796122
Melvin Vargas,23,6161 Kevin Square,South Annette,Minnesota,17167,71.524435,57.135558
Nicholas Taylor,21,93408 Gary Lock,Lake Brendastad,Iowa,22410,73.080801,34.665968
Jacqueline Weiss,52,262 Judy Street,New Bradleymouth,North Carolina,01897,-81.369792,-29.322501
Todd Payne,34,45913 Cynthia Street Suite 566,West Dianebury,Alabama,05930,-40.323349,-31.102391
Arthur Morgan,21,1642 Cameron Well Apt. 225,Fitzgeraldberg,Maryland,80673,138.547403,1.4685245
Justin Phillips,42,569 Rebecca Common,Port Dan,Tennessee,60463,-164.505292,79.936266
Tonya Gonzales,31,318 Tracey Spurs,Williamsville,Indiana,48895,-145.903861,-88.6249125
Sara Howard,71,1659 Kyle Summit,South Aaronview,Massachusetts,19857,-95.744779,2.598182
Matthew Potter,23,0251 Marks Throughway Apt. 686,Michaelborough,Washington,02980,-23.332346,-45.8962445
Cassandra Ramsey,19,42463 Alison Forest,Port Stevenview,Massachusetts,42685,-171.316807,73.5390655
Ashley Rangel DDS,78,1226 Kenneth Lights Suite 622,Davisland,Mississippi,88942,-137.111261,-17.9493175
Tracy Morrison,41,946 Richardson Terrace,Nortonchester,Montana,18048,21.920279,73.836480
Michael Watson,54,9045 Whitaker Grove Apt. 123,Lake Steven,Alaska,31304,-74.614538,-79.6768525
Stephen Nguyen,39,1264 Jeremy Terrace Apt. 946,Johnfort,South Carolina,33237,57.921980,35.9364395
Derek Decker,76,657 Joanne Burg,South Daryl,Massachusetts,38925,-89.189679,-66.4447195
Erin Sanchez,31,6402 Dixon Park Suite 852,Elliottland,Wisconsin,50172,-7.744780,14.776556
Tina Hodge,53,610 Adrienne Square,Port Brianborough,Minnesota,95133,139.790215,24.380380
Adam Gordon,27,47942 Summers Run Suite 377,Annettemouth,New Mexico,08109,47.219043,-15.3742095
Mr. Joseph West,76,759 Bradley Fort Apt. 691,Brendaport,Mississippi,30106,136.501451,-43.2981815
Alexander Guerrero DVM,57,7078 Christopher Stravenue Suite 678,Seanfort,Vermont,19780,170.882841,-68.312864
Antonio Frost,45,0495 Christopher Plains,South Michaelshire,Montana,61080,172.943544,8.443668
Edward Brown,68,303 Bradford Hollow Apt. 489,North Anthonyhaven,Georgia,58011,-59.669228,15.9200125
Jennifer Johnson,55,33638 Tyler Run,Poncestad,Hawaii,21844,-31.417349,34.170920
Susan Christian,65,317 Alvarado Drive Suite 091,Port Catherinebury,Alabama,93198,5.541277,1.6490575
Andrew Kaiser,37,84995 Wiggins Ville Apt. 317,Dennisside,Oklahoma,55343,15.804657,-21.015914
Ryan Maldonado,51,14017 Davis Shore,New Debraport,Maine,58895,-112.853889,-68.202647
Amy Powell,37,77156 John Dam Apt. 775,Riosport,Louisiana,79155,21.485451,41.401541
Ricky Ellis,64,348 Thomas Camp Suite 222,Rileychester,Wyoming,40007,-179.399831,21.6709545
David Williams,57,94160 Michael Crossing Apt. 838,Port Denise,Nevada,76129,-74.429789,6.0819115
Daniel Payne,38,57246 Brian Cove Apt. 844,Morsefort,Colorado,88299,-54.439658,-3.1101165
Amanda Torres,31,626 Vazquez Drive,Chadhaven,Alabama,03797,-56.687249,-4.041832
Roberto Turner,73,25176 Mark Course,West Cynthia,New Mexico,47135,88.884487,11.193665
Jose Ross,59,60184 Clark Gardens,North John,Massachusetts,38301,151.495690,37.197240
Lori Blackburn,23,31574 Albert Bridge Apt. 455,Alexanderville,Oregon,49746,-155.991792,36.607653
Patricia Phelps,56,14307 Martin Lane Apt. 846,East Devinhaven,Vermont,31294,-152.617758,30.347395
Nicholas Meyer,79,682 Tammy Highway Suite 864,Gregoryborough,Maryland,22158,-72.543850,-76.194863
Stephen Perry,44,41102 Reid Forks Suite 660,South Toni,Georgia,75417,-110.311834,-37.2625345
Justin Fields,20,6857 John Mountains,East Martin,Oklahoma,91100,84.848183,-77.227518
Alexandra Hayes,48,614 Kelly Crescent Suite 522,Barronberg,Alabama,27476,43.812737,83.961295
Melissa Turner,47,9437 Lozano Light Suite 730,Port Dylanstad,West Virginia,47849,-112.207075,59.285094
Chelsea Wheeler,51,6715 Elijah Squares Suite 763,South Sean,South Dakota,61905,109.751668,27.7495425
Richard Mason,41,1532 Bridget Port Suite 630,Port Nathan,Rhode Island,44713,-122.209896,-85.0691425
Judy Thompson,22,30422 Eric Walks,Port Justin,Washington,04759,56.405134,-78.967210
Andrea Scott DDS,51,8883 Solomon Square Suite 200,East Johnchester,Washington,25179,-78.547756,-35.669910
Craig Huang,37,954 Raymond Trafficway Apt. 882,West Todd,Utah,45287,60.899181,85.3655825
Crystal Young,63,6888 Diaz Springs,North Teresahaven,Virginia,38155,-175.459965,5.0116035
Timothy Patel,67,8651 Henry Greens,South Josephmouth,New Jersey,92617,-94.546638,-61.0613645
Brandy Washington,49,4203 Wells Parks Suite 052,Turnertown,Louisiana,46832,76.363800,6.1825965
Michael Nunez,45,6691 Steven Terrace Apt. 302,South Michael,Missouri,77825,-30.021425,-81.904393
Keith Ellis,79,3492 Johnson Crossroad Apt. 340,Benjaminmouth,Ohio,61491,150.244466,-43.024454
Jacob Douglas,79,50458 Joseph Summit,West Haileyport,North Dakota,25301,89.529041,58.8600725
Diamond Mckinney,53,67559 Charles Hollow Apt. 712,Martinmouth,Connecticut,83901,-4.333030,25.239270
Shawna Burgess,29,581 Hogan Stravenue Suite 741,Port Joseph,California,97842,109.857676,-36.0669305
Alicia Church,60,948 Pierce Lights,Toddshire,North Dakota,31828,91.277045,29.5420255
Whitney Scott,32,800 Reed Viaduct Apt. 235,Lake Kimberly,Virginia,44460,153.330176,79.6264365
Jeffrey Thomas,27,61721 Ross Ports,New Ernest,Kentucky,23825,-49.393565,65.7902875
Theresa Barnes,47,98314 Marcus Squares,Jamesport,Texas,69664,-29.463755,-9.4969165
Tara Freeman,59,914 Christopher Camp Apt. 489,Youngburgh,Michigan,15847,-68.821597,83.6092015
Alexander Pennington,23,0796 Billy Expressway,Sarahville,West Virginia,95690,22.294890,29.700052
Jared Murray,23,0262 Becker Mission,West Joseph,Virginia,18717,-147.634214,71.002206
Kellie Holmes,48,37645 Perez Gateway,East Ryantown,Rhode Island,67584,159.483331,27.3069695
Christopher Conway,35,17058 Moody Parkways,Harrishaven,Virginia,40665,137.954668,0.7584775
Gregory Young,32,50451 Benjamin Views,East Benjaminborough,New Hampshire,76561,-8.214356,-22.3387605
Teresa Bishop,70,9397 Rivera Extensions,East Kevinmouth,Pennsylvania,38670,140.391868,-16.2219755
Keith Miller,62,9772 Moreno Pine,East Brittany,Arkansas,36503,-18.331446,3.073478
Tina Bradford,77,864 Mitchell Garden Apt. 828,East Lacey,Georgia,21353,161.414405,74.6549275
Patrick Morris,68,55698 Michelle Ridges,Lake Kevin,Virginia,79695,-87.075196,77.1830815
Rebecca Garner,53,74194 Benson Heights,North Christineport,Indiana,67293,133.476315,-30.396358
Alexis Wang,58,7855 Martin Fort,Lake Michellehaven,Maryland,14637,78.405092,-45.7922725
Donald Gardner,61,42311 Carlson Fork Suite 623,Lake Jenniferport,Oregon,27809,-37.602078,-59.4296395
Kathryn Hardy,37,800 Castaneda Course,East Ericport,Minnesota,52265,96.011135,52.2697615
Hannah Olson,24,621 Robert Causeway,Bankston,Texas,07504,108.819435,4.998995
Kimberly Wilson,18,82630 Lisa Trail Apt. 236,East Michelle,Montana,92740,112.494438,77.095291
Adam Butler,51,5936 Scott Drive Apt. 295,Bartonport,Kentucky,34482,-153.797976,74.887789
Casey Hall,44,39405 Nguyen Villages Apt. 198,Reidburgh,California,16376,-27.301645,-54.8062305
Kathleen Powers,30,97487 Rodriguez Mills,Jennifertown,Vermont,36693,162.261811,-74.873620
Jessica Jimenez,49,468 John Radial Suite 846,New Daniel,Idaho,50232,11.818341,74.5830545
Tracy Barnes,45,725 Williams Groves,Lake Davidbury,Mississippi,70895,119.199019,11.437516
Lisa Sanchez,31,72990 Hernandez Station Suite 950,Rayshire,Rhode Island,26826,-54.105480,-45.1992595
Julie Fowler,41,6786 Christina Rapid Apt. 313,Jamesbury,North Dakota,93527,-121.493259,35.382704
Mitchell Pennington,28,091 Scott Cape,Harrisberg,Rhode Island,88781,-164.317753,-54.511598
Joshua Pena,20,873 Scott Spring,North Stevenburgh,New Jersey,96251,127.791923,-10.009426
Michelle Quinn,72,0329 Clayton Village Apt. 541,Sheilafort,Delaware,79727,-158.625230,-49.771917
Brittany Wood,33,96154 Pearson Drives Apt. 019,Sarahshire,New Mexico,38086,1.167895,-39.8266735
Amanda Morales,73,8863 William Crossing,New Ernest,Vermont,33052,-38.470945,37.591697
Jennifer Rice,71,7662 Jeremy Club Apt. 622,Dustinside,Massachusetts,26194,172.182308,-18.5505745
Robert Allen,51,47176 Coffey Drive,Port Shannon,Minnesota,84402,31.231434,50.321903
Christina Jimenez,20,45951 Michael Port Suite 818,Smithfurt,New Hampshire,46644,1.902404,54.505757
Colleen Sims,42,93740 Daniel Creek Suite 255,North Justinton,Texas,25443,133.129466,-26.045222
Richard Benson,40,922 John Walks Apt. 778,Karenview,New Mexico,63385,18.945877,70.5743515
Judith Morgan,58,1246 Wendy Extension Apt. 402,East Gary,Nebraska,69474,121.842499,49.305199
Peter Wilson MD,76,500 Bryan Valley Suite 475,Lake Rachel,Indiana,50687,44.487297,-1.7990225
Brandon Patterson,24,4887 Barbara Underpass Apt. 380,Sellersborough,Rhode Island,79624,-22.260357,-43.0657355
Troy Ballard,77,032 Summers Radial Apt. 907,North Eric,Hawaii,41498,-95.626738,-76.020653
Amanda Coleman,42,64445 Bailey Squares,South Allen,Alabama,58370,2.458822,74.198177
Laura Michael,80,796 Thompson Ranch,Elizabethmouth,Florida,40265,-1.131030,-2.1024315
Matthew Hernandez,67,294 Barnes Crossing,South Paulhaven,Ohio,24414,93.827365,-48.777600
David Mcdaniel,23,847 Cynthia Landing,Lake Tina,Virginia,86179,-124.707635,18.979711
Michael Nichols,30,87401 Zimmerman Port,Port Stephanieport,Delaware,53582,159.503182,44.7599035
Stephen Richardson,41,464 Jacobs Course,New Crystal,Maine,53053,6.005224,86.693361
Joanna Brandt,28,28794 Brittany Cove,Bennettburgh,Ohio,30034,174.751071,49.8787335
Amy Chen,27,5648 Taylor Hollow Suite 003,Richardville,Washington,31440,-133.224944,29.4937915
Trevor Russell,77,980 Jones Pass,Coleport,Arizona,32848,-9.508689,3.7300735
Teresa Wyatt,75,9060 Horton Squares Apt. 991,Russellshire,Missouri,60570,-59.378331,-10.1480455
Miguel Moore,27,01444 Torres Brooks,New Sarah,Colorado,99088,81.119553,-54.205746
Lauren Perry,63,6443 Brooks Harbors,East Mindy,Arizona,33104,88.982138,78.6018915
Cameron Manning,19,76743 Paul Shoal Apt. 771,Patriciaborough,South Carolina,45273,-66.262690,17.7762375
William Jones,77,39437 Jessica Flats Suite 111,Jamesmouth,Minnesota,25707,-96.350881,57.409505
Holly Wood,50,657 Melissa Route Suite 899,South Shawna,Texas,43918,142.268428,-68.036327
Laura Gallagher,42,40673 Price Forge Suite 463,Hallfort,Pennsylvania,96729,69.425545,35.6813765
Taylor Gibson,69,3627 Anderson Mountains,Gutierrezland,Arizona,85530,-1.517590,-11.4530945
Lauren Moore,19,966 Michael Land,New Albertburgh,West Virginia,36778,-101.755815,78.528597
Steven York,25,754 Douglas Mountains,Lake Kathleenberg,Illinois,28188,-159.771103,85.2278265
William Parks,62,461 Robin Radial,West Davidchester,Kansas,68873,-0.562154,5.5276525
Amy Johnson,36,3363 Cook Shoals Apt. 323,Williamsfurt,Colorado,19868,-33.633617,50.9493125
Paula Mcdonald,65,986 Contreras Canyon Suite 173,Christopherfurt,North Dakota,25600,149.494986,39.7290295
Barbara Knight,55,7933 Rodriguez Islands Suite 547,New Carolynbury,Nevada,13590,87.970346,-45.7958055
Marie Nichols,51,8972 Antonio Square,West Seth,Michigan,74995,164.406351,34.474098
Timothy Boyer,62,32388 Summers Crossing,Hollyborough,North Dakota,52419,-84.513483,14.2957495
Brian Bradshaw,75,9051 Jacob Lake,New Randychester,Iowa,92809,9.407030,-6.1911165
Christopher Jensen,77,070 Smith Union Apt. 365,West Kathleenmouth,Idaho,53945,128.176987,19.252121
Dustin Johnson,33,439 Lewis Corner,Adamberg,Oklahoma,55446,-44.031037,-79.439037
Ashley Chang,79,314 Joseph Squares,Jonesport,Alabama,91528,37.221570,-72.4898635
Ashley Downs,65,18687 Amber Junctions,Kingview,North Dakota,53683,-21.858598,-88.9779425
Diana Bradford,73,898 Graham Pass Suite 741,East Markborough,Indiana,67403,-71.321957,-72.6292495
Steven Gross,55,08334 Vazquez Springs Apt. 625,Teresatown,California,73753,-127.796105,9.2281295
Samuel Camacho,30,834 Ramos Hills Suite 286,Davidsonburgh,California,98253,-179.833998,-32.6504305
Catherine Hart,76,5880 Phillip Loop,Samuelchester,Texas,21773,-40.632931,11.5234645
Alexandra Reed,35,2003 Elizabeth Coves Apt. 138,Lake Daniel,South Carolina,25055,163.390576,-7.050896
Kevin Fowler,18,56217 Barbara Orchard Suite 943,Bethview,Arizona,41305,36.661207,60.9952535
Cathy Young,33,8677 Linda Rapids Apt. 294,North Benjamin,Massachusetts,12632,16.617304,8.083465
Craig Webb,69,9741 Rogers Street Apt. 229,Meganhaven,Nevada,37772,-74.699406,61.8876065
Brandon Anderson,80,40582 Erin Vista Apt. 085,Christopherstad,Kansas,46317,-86.108927,-58.6842495
Beth Fletcher,26,5850 Bryan Meadow Suite 827,Mccartychester,Louisiana,39404,-150.189119,43.1621945
Andrew Murray,69,54718 Sandra Summit Apt. 344,Lake Amy,Mississippi,59344,-74.740303,-2.1677595
Benjamin Turner,77,0066 Walker Burg,Hinesmouth,Nebraska,66651,49.555041,48.8233635
Dawn Butler,79,710 Jorge Ford Suite 763,New Jose,Hawaii,74332,29.311320,30.4854025
Matthew Powers,51,8122 William Pike Apt. 796,South Williamtown,Arkansas,24380,-137.823279,7.168328
Shawn Schmidt,60,3063 Hill Prairie,New Alicia,North Carolina,10875,-156.179883,-18.784507
Carlos Brooks,38,7861 Melanie Cove Apt. 500,Jasminestad,Idaho,78933,114.327219,78.547460
Donald Howell,64,0164 Pittman Forge,Roberttown,Washington,33598,-43.459878,-78.8249885
Sarah Landry,59,1799 Cindy Creek,Sellersmouth,Connecticut,01153,-28.026498,56.5694735
Ann Mitchell,69,767 Charles Light Suite 249,South Markport,Georgia,52976,-56.225335,73.5015965
Alexander Simmons,48,70803 Cruz Shoals Apt. 529,North Marissa,Washington,63924,-29.895709,-66.4193615
Alan Thomas,77,7609 Jordan Avenue Apt. 921,Murphyside,South Carolina,42532,-40.312955,-85.029574
Manuel Johnson,49,0037 Richard Green,Staceyland,Hawaii,07623,-140.847008,28.780721
Robert Hensley,68,23846 Ballard Trace Suite 032,Turnerland,Texas,10579,48.598952,-66.6391185
Peter Holloway,24,580 Sanchez Street,South Melanieport,Iowa,42174,160.415716,-34.954922
Julie Davis,46,8132 Joseph Oval,Davidchester,New York,89203,-33.766147,-53.675045
Kelly White,21,18847 Jacqueline Underpass Suite 655,Port Michelleview,Minnesota,18811,127.796874,55.972004
Christopher Edwards,31,03916 Jackson Court,Erikaland,Tennessee,08808,-85.875246,-68.681564
Emily Knapp MD,39,44732 Cook River Apt. 874,South Brian,North Carolina,71360,-13.262589,65.172886
Joshua Moore,20,757 Ortiz Ranch,North Matthew,California,77152,133.426617,-66.7221335
Stephanie Chapman,75,2380 Michael Park Suite 885,West Timothy,Wisconsin,51081,92.993732,-14.899209
Steven Ortiz,76,6798 Steven Islands,Rhodesfort,New Hampshire,41744,-109.805716,54.180743
Anthony Gay,35,7547 Paul Lock,Zacharytown,Texas,67490,-22.475046,-74.705658
Kevin Monroe,65,52355 Lewis Fork Apt. 734,Kimberlyfort,Texas,31160,61.395486,60.5632935
Devin Martin,33,95508 Justin Tunnel,Lake Wendychester,Wisconsin,19906,149.153209,74.067251
Elizabeth Parks,33,7961 Fuentes Forges,Warrenton,Illinois,09895,93.903841,67.754852
Pamela Gray,48,2232 Erickson Bypass,West Susan,Tennessee,28338,-134.248716,-56.397880
Jamie Harper,74,615 Jared Point,New Toddfort,Michigan,37444,3.380691,47.3691635
Shannon White,77,90120 Hatfield Crest,North Aaronside,South Carolina,51666,-44.880047,-81.898995
Lisa Ortiz,32,294 Jordan Orchard Suite 443,Morrowmouth,Connecticut,67167,75.123669,63.1016215
Cheryl Carlson,47,029 James Way,East Pamelaberg,Minnesota,10198,-87.931788,51.776516
Derek Orozco,66,17307 Brian Estate,Port Jacobfort,Florida,44625,70.246501,75.9478145
Amy Lawson,35,28427 Sandra Mountains Apt. 789,West Kevinville,New Mexico,61981,145.450094,-32.450660
Ashley Ward,38,4666 Herrera Curve,New Michael,New Hampshire,09629,-163.982685,41.5065665
Yvette Mercado,27,95133 Jonathan Crest Apt. 855,East Sarahport,West Virginia,41753,108.695857,-82.3340395
Linda Phillips,57,198 Dwayne Passage Suite 134,Leestad,Vermont,97708,40.817826,6.161602
Shelby Young,36,34808 Fields Crescent,Stewartburgh,Texas,39976,63.327401,2.0029475
Michael Butler,47,610 Theresa Prairie,Velezburgh,Alaska,93763,172.033117,4.6281755
Christina Howard,50,23132 Oconnell Pines Suite 124,Heathville,Nevada,71872,-88.023625,31.334315
Audrey Garcia,32,9737 Adam Plaza Apt. 343,New Patrick,New Mexico,50071,33.166554,14.8808065
Derrick Walker,39,279 Chavez Crest Apt. 239,Shawnchester,Rhode Island,31027,51.136148,44.205460
Paul White,54,9031 Larson Vista Suite 948,Frenchtown,California,69922,157.425792,-44.6720895
William Ferguson,52,777 Mcclain Wells Apt. 377,New Tannerberg,Missouri,15828,-24.972465,-15.066732
Lucas Hall,64,074 Mays Cliffs Apt. 235,West Michaelhaven,Iowa,32930,56.240650,-71.404208
Anthony Harrison,39,3286 Weiss Pine Apt. 189,Port Thomasshire,South Dakota,39381,-38.301294,-81.163441
Crystal Curry,52,694 Jamie Forest Apt. 515,New Mark,Vermont,23821,21.503443,-53.510211
Brian Price,45,160 Whitney Burgs Apt. 213,East Ashleybury,New Jersey,85179,-104.284005,-65.7290905
Ryan Meyer,27,478 Judy Stravenue Suite 124,Shaneland,Wisconsin,33554,-26.198358,-24.9848575
Kelsey Sullivan,28,98426 Vega Rest Suite 147,Port Timothy,Virginia,24716,-150.575443,-70.8739055
Mark Edwards,65,402 Manuel Neck Apt. 418,Melissamouth,Colorado,41307,167.514495,-54.8495535
Richard Greer,27,9561 Jose Light,Zimmermanhaven,Nebraska,78715,-154.832222,-64.7550245
Jason Gonzalez,21,355 Steven Skyway Suite 528,Marissaview,North Dakota,86312,-98.619963,34.5397535
Michael Tucker,64,23862 Roberson Landing Apt. 087,West Joyceland,California,92941,117.538510,73.195392
Anthony Escobar,28,53927 Hamilton Crossing Apt. 536,Ayalaburgh,Mississippi,52079,-132.359591,16.929126
Geoffrey Green,19,6551 Anna Extension,Denniston,Florida,61832,-172.107180,-80.4365625
Catherine Williams,59,0706 Manuel Corners Apt. 481,Michellestad,Arizona,94156,171.369816,18.5492405
Timothy Oconnor,42,77560 Bates Rapids,Swansonport,Florida,45864,100.842802,58.770377
William Copeland,68,18217 Henry Extension,West Benjamin,Indiana,18669,165.128742,-26.747791
Sarah Jones,18,9374 Morgan Common Apt. 552,Raymondmouth,Nevada,14416,5.905270,80.027711
Joseph Gomez,24,49180 Stephen Crescent,Paulafort,Tennessee,06956,177.571945,-36.6090615
Richard Wilson,21,579 Strickland Squares,Hayleyberg,Montana,46708,-67.963044,22.2567695
Taylor Lopez,21,7972 April Spring Suite 493,East Matthew,Texas,08815,-76.650922,58.9405925
Dawn Banks,52,230 Tanya Meadow,Juliemouth,Kansas,31594,-63.758470,20.952756
Hannah Knight,25,9225 Adrienne Drive Apt. 952,East Markchester,Tennessee,90230,-152.668888,-47.2730465
Alison Cannon DVM,29,5657 Julia Bypass,South Erika,Nevada,20754,-156.071412,51.526751
Brian Harvey,48,3420 James Prairie Suite 491,Greenborough,Massachusetts,20936,-123.302757,-33.666556
Lee Byrd,40,2542 Marshall Pine Suite 356,Michaelmouth,Rhode Island,95523,-31.762487,-8.3530705
Jerry Rogers MD,54,57601 Jackson Center Apt. 254,Franklintown,Delaware,57449,97.471976,24.831157
Matthew Garcia,34,4403 Martinez Garden,Janetland,Arizona,14300,118.205938,31.7906325
Wesley Watson,60,28161 Barker Cliff Suite 989,East Marissa,Montana,74993,-28.998843,-26.6229815
Karen Gallagher,74,483 Golden Square Suite 380,Port Michellefurt,Delaware,15925,-84.034490,-49.2282175
Susan Welch,40,089 Dale Lakes Suite 102,Cindyville,Montana,97116,60.895604,12.185239
Melissa Anderson,70,938 Marshall Walks,Anabury,Idaho,47107,98.637515,-81.5056215
Briana Sanchez,77,406 Donna Key,Port Joannahaven,Arizona,11565,128.892366,-54.572302
Christopher Gilbert,27,465 Robert Creek,Scottview,Nebraska,40575,25.532119,26.376421
Andrew Kidd,30,06767 Steve Center,North Jeremy,Texas,66346,-105.350254,-78.9540275
Mr. Michael Love,31,1980 Angela Port Suite 977,Johnborough,Louisiana,91408,-72.359946,-22.3392305
Julie Jones,45,7191 Hendricks Groves Apt. 336,New Amandamouth,Wisconsin,26608,79.303234,11.7072215
Rebecca Hernandez,80,2691 Alexandria Highway,Jessicaland,Mississippi,28266,-113.534419,34.4325495
Susan Davis,30,47717 Taylor Rest,Annaview,Delaware,22376,-147.888205,61.2624795
James Burns,54,058 Steven River Apt. 141,Marquezmouth,Connecticut,84752,86.120312,-78.2310845
Alison Rush,31,808 Melanie Ports Apt. 364,Port Lori,Minnesota,67639,-119.456765,-39.1649155
Jacqueline Bowers,28,2683 West Stravenue Apt. 136,South Susanchester,Texas,99322,98.337290,-51.512334
Joseph Webb,30,1861 Dyer Lake,South Deannamouth,New Jersey,50083,-72.917931,-39.057951
Patrick Pope,55,959 Martinez Inlet,Lake Devon,New Jersey,54747,86.981239,-89.018535
James Campbell,76,3589 Sanders Spurs,South Bryanside,Colorado,57529,-73.580727,57.854559
Travis Fields,80,888 Joshua Track Apt. 672,Jonesland,Colorado,54899,150.769070,42.4721435
David Clay,20,8525 Miller Brook,New Lisa,Louisiana,99704,84.521077,22.1767575
Stephanie Smith,50,986 Carr Square Apt. 899,Davidsonview,Massachusetts,40880,112.947456,-71.442218
Frank Thomas,53,1126 Christina Rapid,Lake Craig,Ohio,40917,100.372861,40.233905
Meredith Sampson,18,9178 Gloria Place Apt. 829,Suttonside,Arkansas,29552,-160.181086,12.3577225
Jesse Richardson,74,9963 Peter Burgs,Johnstonland,West Virginia,60576,138.893205,-7.810767
Kristy Marshall,43,79219 Hampton Key Apt. 459,New Kristi,Maine,57546,-8.860038,82.1130745
Michael Santana,71,22142 Julie Parkways,South Roberttown,Wyoming,67707,-61.669912,72.3681855
Michael Daniel,32,26388 Justin Track Apt. 979,Luisbury,Delaware,98327,-94.990960,-19.7551445
Mark Fitzgerald,70,4511 Young Radial Apt. 838,East Danielmouth,Hawaii,07411,179.774998,-80.565870
Kelly Duran,56,6159 Erica Lights,South Jamieburgh,Massachusetts,26023,-3.803456,-27.9997585
Renee Atkins,56,611 William Ford Suite 898,Michaeltown,Mississippi,94303,-92.073587,-80.3509695
Tiffany Brown,66,20334 Molina Causeway,Rodriguezfort,Maryland,77348,144.151847,-1.7852495
James Peters,23,9978 Nicholas Harbor,Lake Chrismouth,Oregon,42939,-151.930279,44.299180
Shirley Bishop,37,679 Amanda Extensions,East Travis,Missouri,90298,-145.795387,41.6796305
Julia Schneider,30,9590 Caitlin Light,Port Melaniestad,Ohio,78528,-133.684930,9.2809355
Brooke Ramos,46,87086 Smith Ports,Lake Jamie,Montana,54940,-1.025463,-63.9932945
Casey Silva,66,4201 Stephenson Estates,New Corey,Maryland,01805,20.543214,-22.530039
Christopher Hayes,74,00934 Benjamin Common Apt. 930,New Karen,Florida,02233,42.253335,66.095375
